Time,WS50M
2000-1-1,6.94
2000-1-2,7.29
2000-1-3,7.33
2000-1-4,5.97
2000-1-5,9.74
2000-1-6,8.87
2000-1-7,10.25
2000-1-8,9.26
2000-1-9,5.36
2000-1-10,7.0
2000-1-11,11.33
2000-1-12,8.55
2000-1-13,7.97
2000-1-14,5.27
2000-1-15,5.17
2000-1-16,4.3
2000-1-17,9.42
2000-1-18,11.46
2000-1-19,6.8
2000-1-20,8.59
2000-1-21,10.09
2000-1-22,12.98
2000-1-23,9.09
2000-1-24,3.6
2000-1-25,4.51
2000-1-26,8.21
2000-1-27,6.14
2000-1-28,6.71
2000-1-29,6.55
2000-1-30,7.23
2000-1-31,5.71
2000-2-1,10.44
2000-2-2,6.56
2000-2-3,8.76
2000-2-4,5.48
2000-2-5,7.8
2000-2-6,7.61
2000-2-7,7.99
2000-2-8,9.67
2000-2-9,14.97
2000-2-10,8.33
2000-2-11,4.41
2000-2-12,8.22
2000-2-13,9.77
2000-2-14,5.14
2000-2-15,9.85
2000-2-16,7.31
2000-2-17,9.06
2000-2-18,11.33
2000-2-19,7.04
2000-2-20,3.04
2000-2-21,4.63
2000-2-22,7.95
2000-2-23,11.93
2000-2-24,9.05
2000-2-25,7.75
2000-2-26,7.82
2000-2-27,10.81
2000-2-28,7.08
2000-2-29,5.78
2000-3-1,10.61
2000-3-2,8.46
2000-3-3,9.13
2000-3-4,11.63
2000-3-5,8.61
2000-3-6,8.07
2000-3-7,5.19
2000-3-8,5.15
2000-3-9,9.43
2000-3-10,10.0
2000-3-11,3.91
2000-3-12,6.62
2000-3-13,6.97
2000-3-14,7.07
2000-3-15,9.71
2000-3-16,6.77
2000-3-17,7.99
2000-3-18,9.34
2000-3-19,2.91
2000-3-20,2.45
2000-3-21,4.22
2000-3-22,5.43
2000-3-23,8.23
2000-3-24,7.06
2000-3-25,6.67
2000-3-26,3.91
2000-3-27,7.21
2000-3-28,3.52
2000-3-29,8.64
2000-3-30,5.64
2000-3-31,4.5
2000-4-1,8.22
2000-4-2,8.52
2000-4-3,5.24
2000-4-4,4.17
2000-4-5,8.02
2000-4-6,10.2
2000-4-7,5.58
2000-4-8,5.26
2000-4-9,11.57
2000-4-10,10.32
2000-4-11,8.66
2000-4-12,5.95
2000-4-13,8.99
2000-4-14,9.63
2000-4-15,8.85
2000-4-16,5.51
2000-4-17,9.39
2000-4-18,7.17
2000-4-19,2.71
2000-4-20,2.83
2000-4-21,2.46
2000-4-22,4.52
2000-4-23,3.42
2000-4-24,10.17
2000-4-25,10.25
2000-4-26,5.15
2000-4-27,5.72
2000-4-28,4.2
2000-4-29,6.12
2000-4-30,9.81
2000-5-1,5.39
2000-5-2,4.91
2000-5-3,10.23
2000-5-4,9.94
2000-5-5,10.79
2000-5-6,5.69
2000-5-7,6.9
2000-5-8,8.05
2000-5-9,10.8
2000-5-10,5.5
2000-5-11,3.83
2000-5-12,11.25
2000-5-13,10.06
2000-5-14,4.77
2000-5-15,3.09
2000-5-16,1.67
2000-5-17,5.02
2000-5-18,10.41
2000-5-19,9.77
2000-5-20,6.0
2000-5-21,4.99
2000-5-22,4.56
2000-5-23,6.67
2000-5-24,9.24
2000-5-25,9.58
2000-5-26,4.32
2000-5-27,4.85
2000-5-28,10.63
2000-5-29,4.41
2000-5-30,4.37
2000-5-31,8.73
2000-6-1,9.15
2000-6-2,6.73
2000-6-3,2.42
2000-6-4,8.64
2000-6-5,6.87
2000-6-6,5.21
2000-6-7,5.95
2000-6-8,6.82
2000-6-9,11.15
2000-6-10,10.58
2000-6-11,5.6
2000-6-12,5.19
2000-6-13,5.11
2000-6-14,5.19
2000-6-15,7.34
2000-6-16,7.37
2000-6-17,9.22
2000-6-18,6.47
2000-6-19,6.94
2000-6-20,7.22
2000-6-21,2.93
2000-6-22,7.4
2000-6-23,6.48
2000-6-24,7.49
2000-6-25,5.89
2000-6-26,8.24
2000-6-27,5.19
2000-6-28,4.67
2000-6-29,4.47
2000-6-30,3.54
2000-7-1,4.84
2000-7-2,4.82
2000-7-3,8.56
2000-7-4,3.38
2000-7-5,7.92
2000-7-6,10.1
2000-7-7,4.94
2000-7-8,9.79
2000-7-9,12.83
2000-7-10,6.86
2000-7-11,6.25
2000-7-12,6.82
2000-7-13,4.08
2000-7-14,6.38
2000-7-15,7.7
2000-7-16,6.88
2000-7-17,4.22
2000-7-18,5.35
2000-7-19,5.82
2000-7-20,9.49
2000-7-21,2.81
2000-7-22,5.08
2000-7-23,3.83
2000-7-24,4.11
2000-7-25,2.38
2000-7-26,2.63
2000-7-27,7.47
2000-7-28,9.39
2000-7-29,6.27
2000-7-30,2.04
2000-7-31,3.07
2000-8-1,5.92
2000-8-2,6.75
2000-8-3,7.1
2000-8-4,7.17
2000-8-5,8.39
2000-8-6,6.19
2000-8-7,6.55
2000-8-8,4.03
2000-8-9,6.02
2000-8-10,7.27
2000-8-11,5.59
2000-8-12,3.09
2000-8-13,7.93
2000-8-14,7.67
2000-8-15,4.53
2000-8-16,3.76
2000-8-17,8.36
2000-8-18,9.56
2000-8-19,4.88
2000-8-20,4.04
2000-8-21,9.91
2000-8-22,5.64
2000-8-23,7.1
2000-8-24,8.15
2000-8-25,8.95
2000-8-26,7.95
2000-8-27,5.58
2000-8-28,5.39
2000-8-29,4.48
2000-8-30,5.79
2000-8-31,4.45
2000-9-1,10.6
2000-9-2,7.04
2000-9-3,5.35
2000-9-4,3.09
2000-9-5,5.9
2000-9-6,6.82
2000-9-7,7.77
2000-9-8,8.54
2000-9-9,7.85
2000-9-10,5.22
2000-9-11,8.28
2000-9-12,9.55
2000-9-13,11.0
2000-9-14,5.72
2000-9-15,4.22
2000-9-16,8.85
2000-9-17,8.92
2000-9-18,10.07
2000-9-19,8.49
2000-9-20,4.99
2000-9-21,8.95
2000-9-22,9.24
2000-9-23,8.37
2000-9-24,5.93
2000-9-25,6.27
2000-9-26,6.42
2000-9-27,6.58
2000-9-28,6.3
2000-9-29,3.6
2000-9-30,9.02
2000-10-1,3.87
2000-10-2,8.36
2000-10-3,8.66
2000-10-4,6.65
2000-10-5,8.54
2000-10-6,6.55
2000-10-7,8.29
2000-10-8,8.22
2000-10-9,5.55
2000-10-10,10.5
2000-10-11,7.14
2000-10-12,10.38
2000-10-13,6.21
2000-10-14,6.37
2000-10-15,8.29
2000-10-16,8.79
2000-10-17,6.65
2000-10-18,6.78
2000-10-19,7.08
2000-10-20,11.73
2000-10-21,8.3
2000-10-22,9.06
2000-10-23,8.38
2000-10-24,8.91
2000-10-25,8.44
2000-10-26,5.72
2000-10-27,6.78
2000-10-28,11.71
2000-10-29,15.3
2000-10-30,8.78
2000-10-31,8.98
2000-11-1,7.34
2000-11-2,6.13
2000-11-3,7.64
2000-11-4,7.3
2000-11-5,9.97
2000-11-6,11.83
2000-11-7,9.61
2000-11-8,9.65
2000-11-9,9.83
2000-11-10,8.73
2000-11-11,9.55
2000-11-12,7.69
2000-11-13,7.74
2000-11-14,5.7
2000-11-15,7.42
2000-11-16,6.79
2000-11-17,8.67
2000-11-18,4.77
2000-11-19,6.57
2000-11-20,4.21
2000-11-21,6.64
2000-11-22,10.37
2000-11-23,9.43
2000-11-24,5.71
2000-11-25,3.56
2000-11-26,4.15
2000-11-27,4.17
2000-11-28,6.04
2000-11-29,4.29
2000-11-30,6.86
2000-12-1,10.5
2000-12-2,7.11
2000-12-3,6.39
2000-12-4,4.57
2000-12-5,2.64
2000-12-6,10.7
2000-12-7,10.61
2000-12-8,7.88
2000-12-9,12.21
2000-12-10,12.22
2000-12-11,4.95
2000-12-12,10.51
2000-12-13,13.74
2000-12-14,7.85
2000-12-15,7.29
2000-12-16,6.87
2000-12-17,4.6
2000-12-18,14.37
2000-12-19,12.09
2000-12-20,8.41
2000-12-21,13.37
2000-12-22,6.02
2000-12-23,8.47
2000-12-24,10.36
2000-12-25,5.12
2000-12-26,6.13
2000-12-27,12.5
2000-12-28,13.07
2000-12-29,8.8
2000-12-30,5.71
2000-12-31,8.47
2001-1-1,11.84
2001-1-2,7.48
2001-1-3,7.21
2001-1-4,3.72
2001-1-5,5.78
2001-1-6,2.24
2001-1-7,9.57
2001-1-8,9.29
2001-1-9,4.14
2001-1-10,6.44
2001-1-11,5.48
2001-1-12,7.87
2001-1-13,7.05
2001-1-14,8.29
2001-1-15,7.41
2001-1-16,4.54
2001-1-17,6.05
2001-1-18,6.31
2001-1-19,8.14
2001-1-20,9.81
2001-1-21,5.68
2001-1-22,8.04
2001-1-23,8.06
2001-1-24,6.7
2001-1-25,3.95
2001-1-26,8.87
2001-1-27,5.68
2001-1-28,7.21
2001-1-29,5.27
2001-1-30,6.78
2001-1-31,6.8
2001-2-1,3.28
2001-2-2,5.08
2001-2-3,5.92
2001-2-4,5.97
2001-2-5,4.79
2001-2-6,11.52
2001-2-7,11.72
2001-2-8,12.75
2001-2-9,5.67
2001-2-10,9.42
2001-2-11,13.53
2001-2-12,9.74
2001-2-13,6.43
2001-2-14,4.73
2001-2-15,11.74
2001-2-16,8.38
2001-2-17,5.83
2001-2-18,11.11
2001-2-19,9.05
2001-2-20,8.96
2001-2-21,8.09
2001-2-22,10.7
2001-2-23,5.85
2001-2-24,14.2
2001-2-25,7.29
2001-2-26,4.49
2001-2-27,4.27
2001-2-28,5.92
2001-3-1,6.31
2001-3-2,6.13
2001-3-3,5.87
2001-3-4,7.12
2001-3-5,4.63
2001-3-6,7.18
2001-3-7,8.32
2001-3-8,7.04
2001-3-9,7.68
2001-3-10,6.26
2001-3-11,6.05
2001-3-12,6.99
2001-3-13,5.76
2001-3-14,9.41
2001-3-15,6.64
2001-3-16,7.73
2001-3-17,6.97
2001-3-18,9.34
2001-3-19,10.57
2001-3-20,8.07
2001-3-21,4.36
2001-3-22,2.98
2001-3-23,8.09
2001-3-24,9.87
2001-3-25,6.54
2001-3-26,7.74
2001-3-27,5.63
2001-3-28,5.68
2001-3-29,7.89
2001-3-30,6.59
2001-3-31,5.92
2001-4-1,9.01
2001-4-2,10.48
2001-4-3,13.69
2001-4-4,6.16
2001-4-5,7.9
2001-4-6,6.66
2001-4-7,7.59
2001-4-8,3.05
2001-4-9,3.3
2001-4-10,3.68
2001-4-11,9.07
2001-4-12,5.25
2001-4-13,5.26
2001-4-14,8.59
2001-4-15,10.12
2001-4-16,5.42
2001-4-17,4.46
2001-4-18,6.76
2001-4-19,7.73
2001-4-20,8.27
2001-4-21,5.57
2001-4-22,6.59
2001-4-23,9.34
2001-4-24,8.19
2001-4-25,7.37
2001-4-26,6.27
2001-4-27,6.68
2001-4-28,10.96
2001-4-29,4.9
2001-4-30,2.67
2001-5-1,3.99
2001-5-2,3.06
2001-5-3,5.25
2001-5-4,6.88
2001-5-5,4.2
2001-5-6,6.46
2001-5-7,5.16
2001-5-8,3.95
2001-5-9,5.72
2001-5-10,5.8
2001-5-11,5.51
2001-5-12,8.32
2001-5-13,5.43
2001-5-14,6.62
2001-5-15,6.49
2001-5-16,6.36
2001-5-17,4.98
2001-5-18,5.79
2001-5-19,2.97
2001-5-20,5.12
2001-5-21,5.39
2001-5-22,4.21
2001-5-23,3.3
2001-5-24,3.3
2001-5-25,2.7
2001-5-26,4.18
2001-5-27,3.05
2001-5-28,6.5
2001-5-29,9.07
2001-5-30,6.26
2001-5-31,5.29
2001-6-1,2.82
2001-6-2,2.45
2001-6-3,3.19
2001-6-4,3.8
2001-6-5,4.67
2001-6-6,5.04
2001-6-7,7.54
2001-6-8,8.04
2001-6-9,6.01
2001-6-10,3.96
2001-6-11,4.87
2001-6-12,7.45
2001-6-13,8.73
2001-6-14,6.42
2001-6-15,5.19
2001-6-16,3.65
2001-6-17,4.86
2001-6-18,7.95
2001-6-19,7.34
2001-6-20,10.98
2001-6-21,6.6
2001-6-22,5.48
2001-6-23,7.09
2001-6-24,8.69
2001-6-25,7.09
2001-6-26,5.33
2001-6-27,7.17
2001-6-28,9.1
2001-6-29,5.29
2001-6-30,4.99
2001-7-1,3.58
2001-7-2,11.01
2001-7-3,10.43
2001-7-4,9.13
2001-7-5,5.7
2001-7-6,4.34
2001-7-7,9.05
2001-7-8,7.44
2001-7-9,4.61
2001-7-10,4.57
2001-7-11,8.8
2001-7-12,8.29
2001-7-13,6.59
2001-7-14,4.04
2001-7-15,5.52
2001-7-16,6.41
2001-7-17,5.63
2001-7-18,3.29
2001-7-19,7.33
2001-7-20,6.13
2001-7-21,6.41
2001-7-22,8.65
2001-7-23,2.38
2001-7-24,7.12
2001-7-25,6.64
2001-7-26,8.65
2001-7-27,7.41
2001-7-28,5.62
2001-7-29,6.81
2001-7-30,4.05
2001-7-31,3.08
2001-8-1,6.1
2001-8-2,9.44
2001-8-3,6.54
2001-8-4,5.83
2001-8-5,9.27
2001-8-6,9.28
2001-8-7,9.57
2001-8-8,4.24
2001-8-9,7.48
2001-8-10,7.11
2001-8-11,8.31
2001-8-12,5.88
2001-8-13,5.78
2001-8-14,5.7
2001-8-15,5.87
2001-8-16,8.97
2001-8-17,4.52
2001-8-18,4.75
2001-8-19,8.83
2001-8-20,3.83
2001-8-21,5.29
2001-8-22,2.86
2001-8-23,7.35
2001-8-24,6.34
2001-8-25,5.31
2001-8-26,10.62
2001-8-27,8.38
2001-8-28,3.56
2001-8-29,5.65
2001-8-30,5.25
2001-8-31,11.61
2001-9-1,10.98
2001-9-2,7.04
2001-9-3,6.84
2001-9-4,11.22
2001-9-5,5.98
2001-9-6,10.0
2001-9-7,6.27
2001-9-8,6.68
2001-9-9,7.96
2001-9-10,3.7
2001-9-11,9.44
2001-9-12,6.68
2001-9-13,2.69
2001-9-14,4.11
2001-9-15,7.58
2001-9-16,8.17
2001-9-17,7.01
2001-9-18,6.98
2001-9-19,5.9
2001-9-20,6.44
2001-9-21,7.29
2001-9-22,9.63
2001-9-23,8.95
2001-9-24,4.75
2001-9-25,6.36
2001-9-26,4.9
2001-9-27,8.39
2001-9-28,5.73
2001-9-29,6.5
2001-9-30,8.03
2001-10-1,8.06
2001-10-2,8.17
2001-10-3,7.05
2001-10-4,5.06
2001-10-5,6.05
2001-10-6,8.37
2001-10-7,11.7
2001-10-8,4.58
2001-10-9,8.42
2001-10-10,6.64
2001-10-11,7.57
2001-10-12,10.16
2001-10-13,5.81
2001-10-14,6.97
2001-10-15,6.65
2001-10-16,9.53
2001-10-17,7.19
2001-10-18,10.58
2001-10-19,9.78
2001-10-20,5.76
2001-10-21,6.72
2001-10-22,3.31
2001-10-23,7.28
2001-10-24,5.3
2001-10-25,5.91
2001-10-26,8.61
2001-10-27,5.68
2001-10-28,4.69
2001-10-29,8.01
2001-10-30,6.8
2001-10-31,8.84
2001-11-1,7.31
2001-11-2,11.36
2001-11-3,9.21
2001-11-4,3.18
2001-11-5,7.62
2001-11-6,11.42
2001-11-7,13.36
2001-11-8,13.17
2001-11-9,5.76
2001-11-10,10.31
2001-11-11,8.98
2001-11-12,6.45
2001-11-13,6.54
2001-11-14,5.34
2001-11-15,7.9
2001-11-16,11.31
2001-11-17,9.42
2001-11-18,4.75
2001-11-19,8.54
2001-11-20,9.52
2001-11-21,8.13
2001-11-22,5.73
2001-11-23,6.25
2001-11-24,6.99
2001-11-25,9.12
2001-11-26,10.1
2001-11-27,7.97
2001-11-28,7.82
2001-11-29,5.73
2001-11-30,3.72
2001-12-1,5.34
2001-12-2,7.55
2001-12-3,3.85
2001-12-4,5.72
2001-12-5,5.82
2001-12-6,5.43
2001-12-7,8.94
2001-12-8,6.99
2001-12-9,3.73
2001-12-10,8.17
2001-12-11,8.58
2001-12-12,9.28
2001-12-13,4.87
2001-12-14,8.33
2001-12-15,7.41
2001-12-16,11.9
2001-12-17,12.01
2001-12-18,6.35
2001-12-19,8.45
2001-12-20,7.06
2001-12-21,7.11
2001-12-22,5.81
2001-12-23,5.7
2001-12-24,2.66
2001-12-25,5.33
2001-12-26,4.88
2001-12-27,6.28
2001-12-28,13.56
2001-12-29,8.91
2001-12-30,6.21
2001-12-31,6.69
2002-1-1,9.74
2002-1-2,8.33
2002-1-3,6.14
2002-1-4,9.31
2002-1-5,8.34
2002-1-6,6.94
2002-1-7,8.8
2002-1-8,5.55
2002-1-9,6.76
2002-1-10,4.82
2002-1-11,4.38
2002-1-12,3.42
2002-1-13,4.94
2002-1-14,14.72
2002-1-15,7.09
2002-1-16,7.08
2002-1-17,5.25
2002-1-18,3.8
2002-1-19,5.51
2002-1-20,2.62
2002-1-21,5.06
2002-1-22,8.19
2002-1-23,7.3
2002-1-24,5.75
2002-1-25,6.36
2002-1-26,6.46
2002-1-27,9.94
2002-1-28,6.59
2002-1-29,7.41
2002-1-30,5.77
2002-1-31,11.19
2002-2-1,6.54
2002-2-2,7.88
2002-2-3,8.61
2002-2-4,5.55
2002-2-5,5.74
2002-2-6,8.13
2002-2-7,7.55
2002-2-8,4.47
2002-2-9,6.86
2002-2-10,6.87
2002-2-11,10.9
2002-2-12,6.82
2002-2-13,7.71
2002-2-14,8.63
2002-2-15,7.02
2002-2-16,5.17
2002-2-17,3.13
2002-2-18,7.46
2002-2-19,4.63
2002-2-20,6.1
2002-2-21,5.75
2002-2-22,8.45
2002-2-23,8.62
2002-2-24,7.72
2002-2-25,4.49
2002-2-26,3.41
2002-2-27,10.89
2002-2-28,15.19
2002-3-1,8.54
2002-3-2,6.32
2002-3-3,9.69
2002-3-4,12.3
2002-3-5,8.87
2002-3-6,5.92
2002-3-7,2.88
2002-3-8,9.7
2002-3-9,3.16
2002-3-10,9.49
2002-3-11,12.49
2002-3-12,11.21
2002-3-13,4.79
2002-3-14,8.03
2002-3-15,13.24
2002-3-16,7.9
2002-3-17,10.9
2002-3-18,10.12
2002-3-19,8.27
2002-3-20,4.52
2002-3-21,6.87
2002-3-22,7.64
2002-3-23,16.84
2002-3-24,14.11
2002-3-25,7.8
2002-3-26,5.93
2002-3-27,4.69
2002-3-28,8.87
2002-3-29,10.71
2002-3-30,5.14
2002-3-31,7.55
2002-4-1,4.93
2002-4-2,9.29
2002-4-3,7.06
2002-4-4,10.91
2002-4-5,6.3
2002-4-6,6.03
2002-4-7,8.37
2002-4-8,4.69
2002-4-9,8.4
2002-4-10,10.27
2002-4-11,7.59
2002-4-12,8.38
2002-4-13,9.66
2002-4-14,4.54
2002-4-15,4.57
2002-4-16,6.27
2002-4-17,9.35
2002-4-18,6.07
2002-4-19,4.93
2002-4-20,8.65
2002-4-21,8.22
2002-4-22,7.49
2002-4-23,6.3
2002-4-24,5.7
2002-4-25,1.88
2002-4-26,3.7
2002-4-27,7.62
2002-4-28,8.35
2002-4-29,5.06
2002-4-30,8.79
2002-5-1,6.77
2002-5-2,6.03
2002-5-3,8.04
2002-5-4,11.86
2002-5-5,7.55
2002-5-6,7.01
2002-5-7,6.14
2002-5-8,11.18
2002-5-9,7.71
2002-5-10,6.13
2002-5-11,4.19
2002-5-12,7.84
2002-5-13,4.18
2002-5-14,4.05
2002-5-15,8.59
2002-5-16,4.48
2002-5-17,2.84
2002-5-18,2.65
2002-5-19,6.31
2002-5-20,3.99
2002-5-21,2.35
2002-5-22,7.44
2002-5-23,10.72
2002-5-24,9.09
2002-5-25,7.99
2002-5-26,7.99
2002-5-27,8.81
2002-5-28,3.24
2002-5-29,7.91
2002-5-30,6.81
2002-5-31,3.94
2002-6-1,9.44
2002-6-2,8.43
2002-6-3,4.52
2002-6-4,7.59
2002-6-5,7.6
2002-6-6,4.32
2002-6-7,5.49
2002-6-8,6.06
2002-6-9,5.89
2002-6-10,2.92
2002-6-11,4.13
2002-6-12,2.51
2002-6-13,5.11
2002-6-14,5.12
2002-6-15,7.15
2002-6-16,6.28
2002-6-17,5.36
2002-6-18,3.53
2002-6-19,5.56
2002-6-20,6.18
2002-6-21,9.95
2002-6-22,5.29
2002-6-23,7.3
2002-6-24,8.27
2002-6-25,6.17
2002-6-26,4.06
2002-6-27,4.15
2002-6-28,4.67
2002-6-29,2.95
2002-6-30,5.52
2002-7-1,9.01
2002-7-2,9.6
2002-7-3,8.87
2002-7-4,4.66
2002-7-5,8.29
2002-7-6,8.05
2002-7-7,7.08
2002-7-8,7.83
2002-7-9,7.23
2002-7-10,7.96
2002-7-11,5.02
2002-7-12,5.46
2002-7-13,3.17
2002-7-14,5.76
2002-7-15,2.75
2002-7-16,3.93
2002-7-17,3.74
2002-7-18,8.47
2002-7-19,5.32
2002-7-20,3.18
2002-7-21,6.73
2002-7-22,10.14
2002-7-23,9.85
2002-7-24,4.47
2002-7-25,3.34
2002-7-26,7.53
2002-7-27,7.68
2002-7-28,5.93
2002-7-29,5.24
2002-7-30,5.26
2002-7-31,6.01
2002-8-1,5.22
2002-8-2,4.53
2002-8-3,4.12
2002-8-4,7.41
2002-8-5,8.29
2002-8-6,5.56
2002-8-7,8.58
2002-8-8,7.87
2002-8-9,6.77
2002-8-10,4.01
2002-8-11,4.71
2002-8-12,5.84
2002-8-13,3.64
2002-8-14,3.65
2002-8-15,7.25
2002-8-16,7.67
2002-8-17,8.4
2002-8-18,3.43
2002-8-19,7.44
2002-8-20,6.69
2002-8-21,6.32
2002-8-22,9.88
2002-8-23,8.0
2002-8-24,8.43
2002-8-25,6.98
2002-8-26,7.2
2002-8-27,4.91
2002-8-28,5.65
2002-8-29,9.89
2002-8-30,6.56
2002-8-31,6.95
2002-9-1,10.29
2002-9-2,9.18
2002-9-3,8.31
2002-9-4,7.57
2002-9-5,6.32
2002-9-6,7.63
2002-9-7,4.2
2002-9-8,4.92
2002-9-9,4.68
2002-9-10,7.13
2002-9-11,6.99
2002-9-12,14.9
2002-9-13,10.13
2002-9-14,6.89
2002-9-15,9.99
2002-9-16,4.92
2002-9-17,6.16
2002-9-18,4.83
2002-9-19,4.61
2002-9-20,8.26
2002-9-21,6.16
2002-9-22,4.66
2002-9-23,9.16
2002-9-24,4.66
2002-9-25,4.71
2002-9-26,6.94
2002-9-27,9.38
2002-9-28,6.66
2002-9-29,12.83
2002-9-30,8.66
2002-10-1,6.62
2002-10-2,6.36
2002-10-3,8.49
2002-10-4,7.47
2002-10-5,14.46
2002-10-6,10.64
2002-10-7,4.64
2002-10-8,9.57
2002-10-9,7.11
2002-10-10,5.3
2002-10-11,6.17
2002-10-12,5.04
2002-10-13,5.73
2002-10-14,7.05
2002-10-15,11.12
2002-10-16,7.05
2002-10-17,8.71
2002-10-18,8.47
2002-10-19,9.67
2002-10-20,7.11
2002-10-21,5.65
2002-10-22,8.32
2002-10-23,10.12
2002-10-24,6.62
2002-10-25,3.94
2002-10-26,4.55
2002-10-27,7.32
2002-10-28,15.27
2002-10-29,13.06
2002-10-30,11.57
2002-10-31,5.33
2002-11-1,4.66
2002-11-2,6.11
2002-11-3,11.81
2002-11-4,7.27
2002-11-5,2.94
2002-11-6,5.16
2002-11-7,7.93
2002-11-8,8.85
2002-11-9,6.87
2002-11-10,3.52
2002-11-11,9.54
2002-11-12,7.26
2002-11-13,5.89
2002-11-14,8.14
2002-11-15,6.13
2002-11-16,9.58
2002-11-17,5.13
2002-11-18,12.88
2002-11-19,9.55
2002-11-20,5.36
2002-11-21,3.82
2002-11-22,5.24
2002-11-23,11.51
2002-11-24,5.49
2002-11-25,9.97
2002-11-26,7.9
2002-11-27,6.91
2002-11-28,4.56
2002-11-29,7.74
2002-11-30,4.73
2002-12-1,7.95
2002-12-2,6.15
2002-12-3,6.54
2002-12-4,8.15
2002-12-5,7.01
2002-12-6,4.16
2002-12-7,7.46
2002-12-8,8.5
2002-12-9,11.5
2002-12-10,7.0
2002-12-11,6.36
2002-12-12,8.99
2002-12-13,3.9
2002-12-14,4.44
2002-12-15,12.13
2002-12-16,13.83
2002-12-17,10.17
2002-12-18,13.59
2002-12-19,11.58
2002-12-20,5.07
2002-12-21,7.22
2002-12-22,7.09
2002-12-23,3.03
2002-12-24,4.27
2002-12-25,4.54
2002-12-26,7.84
2002-12-27,14.43
2002-12-28,6.91
2002-12-29,3.46
2002-12-30,9.4
2002-12-31,5.34
2003-1-1,5.24
2003-1-2,8.99
2003-1-3,8.32
2003-1-4,5.63
2003-1-5,5.25
2003-1-6,2.85
2003-1-7,4.54
2003-1-8,10.46
2003-1-9,10.48
2003-1-10,9.37
2003-1-11,6.78
2003-1-12,8.78
2003-1-13,8.28
2003-1-14,5.62
2003-1-15,5.29
2003-1-16,4.5
2003-1-17,6.16
2003-1-18,6.94
2003-1-19,4.78
2003-1-20,10.15
2003-1-21,9.3
2003-1-22,9.03
2003-1-23,7.69
2003-1-24,6.3
2003-1-25,4.7
2003-1-26,7.81
2003-1-27,9.07
2003-1-28,12.68
2003-1-29,14.59
2003-1-30,8.2
2003-1-31,8.94
2003-2-1,5.11
2003-2-2,10.06
2003-2-3,9.92
2003-2-4,8.0
2003-2-5,13.74
2003-2-6,12.56
2003-2-7,9.05
2003-2-8,5.5
2003-2-9,7.93
2003-2-10,7.0
2003-2-11,7.3
2003-2-12,4.26
2003-2-13,10.04
2003-2-14,11.93
2003-2-15,7.85
2003-2-16,9.88
2003-2-17,6.97
2003-2-18,5.05
2003-2-19,3.76
2003-2-20,9.1
2003-2-21,7.73
2003-2-22,6.95
2003-2-23,7.94
2003-2-24,11.41
2003-2-25,6.18
2003-2-26,10.11
2003-2-27,10.44
2003-2-28,7.58
2003-3-1,6.05
2003-3-2,7.34
2003-3-3,13.43
2003-3-4,11.38
2003-3-5,5.8
2003-3-6,7.23
2003-3-7,8.87
2003-3-8,6.93
2003-3-9,9.34
2003-3-10,11.42
2003-3-11,9.09
2003-3-12,6.5
2003-3-13,6.33
2003-3-14,6.76
2003-3-15,7.93
2003-3-16,5.3
2003-3-17,2.43
2003-3-18,5.36
2003-3-19,9.9
2003-3-20,6.38
2003-3-21,4.14
2003-3-22,5.07
2003-3-23,4.45
2003-3-24,3.15
2003-3-25,8.41
2003-3-26,9.35
2003-3-27,3.94
2003-3-28,9.26
2003-3-29,7.27
2003-3-30,8.93
2003-3-31,9.01
2003-4-1,10.83
2003-4-2,4.46
2003-4-3,7.3
2003-4-4,8.63
2003-4-5,5.83
2003-4-6,6.63
2003-4-7,8.11
2003-4-8,5.58
2003-4-9,3.67
2003-4-10,5.83
2003-4-11,9.92
2003-4-12,8.28
2003-4-13,12.34
2003-4-14,6.42
2003-4-15,8.0
2003-4-16,7.35
2003-4-17,10.23
2003-4-18,6.96
2003-4-19,6.33
2003-4-20,3.29
2003-4-21,2.99
2003-4-22,6.29
2003-4-23,6.56
2003-4-24,8.34
2003-4-25,8.77
2003-4-26,3.13
2003-4-27,3.12
2003-4-28,8.67
2003-4-29,6.84
2003-4-30,7.13
2003-5-1,7.38
2003-5-2,2.88
2003-5-3,4.08
2003-5-4,8.61
2003-5-5,7.18
2003-5-6,5.21
2003-5-7,3.03
2003-5-8,7.16
2003-5-9,11.57
2003-5-10,15.48
2003-5-11,11.06
2003-5-12,6.87
2003-5-13,5.46
2003-5-14,6.98
2003-5-15,5.44
2003-5-16,6.85
2003-5-17,6.03
2003-5-18,4.63
2003-5-19,4.76
2003-5-20,3.15
2003-5-21,5.82
2003-5-22,6.77
2003-5-23,5.72
2003-5-24,2.48
2003-5-25,3.27
2003-5-26,3.6
2003-5-27,8.3
2003-5-28,3.52
2003-5-29,7.87
2003-5-30,7.56
2003-5-31,4.83
2003-6-1,4.39
2003-6-2,9.01
2003-6-3,11.09
2003-6-4,8.69
2003-6-5,4.24
2003-6-6,5.72
2003-6-7,7.09
2003-6-8,3.23
2003-6-9,3.92
2003-6-10,5.34
2003-6-11,9.43
2003-6-12,4.72
2003-6-13,6.02
2003-6-14,2.95
2003-6-15,2.86
2003-6-16,4.8
2003-6-17,8.88
2003-6-18,5.89
2003-6-19,7.27
2003-6-20,4.93
2003-6-21,6.63
2003-6-22,2.16
2003-6-23,4.88
2003-6-24,5.22
2003-6-25,8.59
2003-6-26,5.77
2003-6-27,8.01
2003-6-28,8.07
2003-6-29,5.05
2003-6-30,4.65
2003-7-1,4.29
2003-7-2,4.07
2003-7-3,5.15
2003-7-4,1.95
2003-7-5,6.4
2003-7-6,3.01
2003-7-7,6.34
2003-7-8,4.09
2003-7-9,9.66
2003-7-10,10.24
2003-7-11,4.86
2003-7-12,4.59
2003-7-13,7.24
2003-7-14,6.62
2003-7-15,7.84
2003-7-16,4.33
2003-7-17,7.27
2003-7-18,3.52
2003-7-19,4.65
2003-7-20,5.55
2003-7-21,7.52
2003-7-22,6.12
2003-7-23,5.47
2003-7-24,3.59
2003-7-25,5.86
2003-7-26,8.24
2003-7-27,5.93
2003-7-28,7.01
2003-7-29,5.62
2003-7-30,5.91
2003-7-31,5.87
2003-8-1,6.59
2003-8-2,4.47
2003-8-3,2.98
2003-8-4,4.08
2003-8-5,3.32
2003-8-6,3.64
2003-8-7,3.45
2003-8-8,3.43
2003-8-9,3.52
2003-8-10,6.32
2003-8-11,5.67
2003-8-12,6.12
2003-8-13,8.22
2003-8-14,4.46
2003-8-15,5.14
2003-8-16,9.33
2003-8-17,8.82
2003-8-18,5.14
2003-8-19,8.22
2003-8-20,5.73
2003-8-21,3.92
2003-8-22,7.39
2003-8-23,6.82
2003-8-24,5.07
2003-8-25,4.2
2003-8-26,9.62
2003-8-27,6.99
2003-8-28,7.47
2003-8-29,5.16
2003-8-30,8.96
2003-8-31,8.18
2003-9-1,9.39
2003-9-2,7.4
2003-9-3,5.67
2003-9-4,7.44
2003-9-5,3.82
2003-9-6,4.86
2003-9-7,6.66
2003-9-8,5.41
2003-9-9,7.34
2003-9-10,9.56
2003-9-11,7.14
2003-9-12,8.24
2003-9-13,6.86
2003-9-14,6.22
2003-9-15,5.1
2003-9-16,5.26
2003-9-17,7.71
2003-9-18,7.55
2003-9-19,4.09
2003-9-20,2.74
2003-9-21,4.31
2003-9-22,6.66
2003-9-23,5.37
2003-9-24,10.67
2003-9-25,6.46
2003-9-26,7.25
2003-9-27,3.01
2003-9-28,5.06
2003-9-29,11.91
2003-9-30,10.16
2003-10-1,4.28
2003-10-2,2.98
2003-10-3,13.63
2003-10-4,5.92
2003-10-5,7.16
2003-10-6,8.94
2003-10-7,5.04
2003-10-8,9.03
2003-10-9,9.2
2003-10-10,7.76
2003-10-11,8.34
2003-10-12,4.1
2003-10-13,2.58
2003-10-14,8.16
2003-10-15,5.67
2003-10-16,10.2
2003-10-17,9.02
2003-10-18,6.79
2003-10-19,9.99
2003-10-20,10.51
2003-10-21,8.49
2003-10-22,8.59
2003-10-23,11.67
2003-10-24,10.0
2003-10-25,6.79
2003-10-26,7.02
2003-10-27,9.71
2003-10-28,15.09
2003-10-29,5.04
2003-10-30,13.29
2003-10-31,11.17
2003-11-1,5.68
2003-11-2,12.15
2003-11-3,7.18
2003-11-4,10.07
2003-11-5,5.09
2003-11-6,6.89
2003-11-7,6.4
2003-11-8,6.52
2003-11-9,15.14
2003-11-10,9.03
2003-11-11,6.94
2003-11-12,5.94
2003-11-13,4.94
2003-11-14,9.28
2003-11-15,5.58
2003-11-16,7.34
2003-11-17,6.24
2003-11-18,3.77
2003-11-19,8.84
2003-11-20,12.06
2003-11-21,12.68
2003-11-22,7.39
2003-11-23,6.27
2003-11-24,4.7
2003-11-25,6.83
2003-11-26,7.25
2003-11-27,7.56
2003-11-28,4.4
2003-11-29,9.38
2003-11-30,15.22
2003-12-1,7.45
2003-12-2,7.78
2003-12-3,5.53
2003-12-4,11.01
2003-12-5,6.39
2003-12-6,5.45
2003-12-7,10.9
2003-12-8,15.37
2003-12-9,9.87
2003-12-10,4.27
2003-12-11,5.99
2003-12-12,10.73
2003-12-13,13.58
2003-12-14,8.89
2003-12-15,5.07
2003-12-16,12.13
2003-12-17,5.31
2003-12-18,8.45
2003-12-19,9.67
2003-12-20,6.5
2003-12-21,3.87
2003-12-22,3.71
2003-12-23,4.62
2003-12-24,4.0
2003-12-25,4.61
2003-12-26,8.67
2003-12-27,6.1
2003-12-28,4.4
2003-12-29,4.42
2003-12-30,4.93
2003-12-31,5.04
2004-1-1,9.77
2004-1-2,8.36
2004-1-3,3.74
2004-1-4,8.84
2004-1-5,9.7
2004-1-6,6.17
2004-1-7,6.69
2004-1-8,7.41
2004-1-9,9.31
2004-1-10,5.94
2004-1-11,4.45
2004-1-12,4.52
2004-1-13,2.66
2004-1-14,9.58
2004-1-15,12.18
2004-1-16,15.75
2004-1-17,12.18
2004-1-18,8.94
2004-1-19,7.13
2004-1-20,11.02
2004-1-21,11.67
2004-1-22,3.26
2004-1-23,9.48
2004-1-24,9.62
2004-1-25,7.65
2004-1-26,14.35
2004-1-27,7.41
2004-1-28,6.48
2004-1-29,4.76
2004-1-30,3.91
2004-1-31,6.68
2004-2-1,11.22
2004-2-2,8.03
2004-2-3,4.94
2004-2-4,5.75
2004-2-5,9.15
2004-2-6,9.52
2004-2-7,5.92
2004-2-8,6.78
2004-2-9,6.22
2004-2-10,3.4
2004-2-11,4.58
2004-2-12,6.24
2004-2-13,4.82
2004-2-14,7.25
2004-2-15,10.11
2004-2-16,12.33
2004-2-17,8.25
2004-2-18,7.38
2004-2-19,8.82
2004-2-20,14.36
2004-2-21,8.86
2004-2-22,7.85
2004-2-23,9.63
2004-2-24,7.33
2004-2-25,6.54
2004-2-26,12.95
2004-2-27,14.83
2004-2-28,13.27
2004-2-29,8.59
2004-3-1,5.81
2004-3-2,3.29
2004-3-3,6.2
2004-3-4,7.97
2004-3-5,6.33
2004-3-6,7.28
2004-3-7,14.02
2004-3-8,8.98
2004-3-9,6.47
2004-3-10,7.4
2004-3-11,6.96
2004-3-12,13.66
2004-3-13,11.74
2004-3-14,8.08
2004-3-15,5.99
2004-3-16,8.21
2004-3-17,7.53
2004-3-18,7.5
2004-3-19,2.89
2004-3-20,2.93
2004-3-21,7.09
2004-3-22,8.91
2004-3-23,7.72
2004-3-24,6.24
2004-3-25,8.08
2004-3-26,10.85
2004-3-27,8.43
2004-3-28,6.33
2004-3-29,6.52
2004-3-30,8.18
2004-3-31,6.61
2004-4-1,5.35
2004-4-2,4.16
2004-4-3,3.68
2004-4-4,5.42
2004-4-5,6.63
2004-4-6,4.73
2004-4-7,3.55
2004-4-8,7.84
2004-4-9,4.8
2004-4-10,10.75
2004-4-11,8.23
2004-4-12,1.71
2004-4-13,2.01
2004-4-14,11.94
2004-4-15,5.3
2004-4-16,8.26
2004-4-17,7.03
2004-4-18,7.02
2004-4-19,5.02
2004-4-20,11.2
2004-4-21,8.95
2004-4-22,8.1
2004-4-23,8.21
2004-4-24,3.77
2004-4-25,8.78
2004-4-26,4.22
2004-4-27,4.56
2004-4-28,3.32
2004-4-29,5.92
2004-4-30,4.86
2004-5-1,2.05
2004-5-2,4.45
2004-5-3,9.48
2004-5-4,7.21
2004-5-5,9.71
2004-5-6,7.36
2004-5-7,9.67
2004-5-8,13.06
2004-5-9,10.06
2004-5-10,6.3
2004-5-11,8.58
2004-5-12,10.36
2004-5-13,11.11
2004-5-14,5.54
2004-5-15,8.35
2004-5-16,5.04
2004-5-17,3.89
2004-5-18,10.24
2004-5-19,4.95
2004-5-20,5.92
2004-5-21,10.18
2004-5-22,7.74
2004-5-23,7.23
2004-5-24,4.49
2004-5-25,2.71
2004-5-26,2.42
2004-5-27,2.7
2004-5-28,5.79
2004-5-29,9.65
2004-5-30,14.05
2004-5-31,11.84
2004-6-1,7.51
2004-6-2,3.86
2004-6-3,7.14
2004-6-4,12.53
2004-6-5,8.36
2004-6-6,5.9
2004-6-7,6.96
2004-6-8,5.53
2004-6-9,9.95
2004-6-10,8.43
2004-6-11,7.31
2004-6-12,7.64
2004-6-13,5.09
2004-6-14,6.9
2004-6-15,8.21
2004-6-16,7.24
2004-6-17,5.96
2004-6-18,6.23
2004-6-19,4.65
2004-6-20,4.4
2004-6-21,3.87
2004-6-22,6.65
2004-6-23,6.2
2004-6-24,3.62
2004-6-25,7.33
2004-6-26,6.9
2004-6-27,2.56
2004-6-28,5.94
2004-6-29,5.3
2004-6-30,3.1
2004-7-1,3.73
2004-7-2,4.27
2004-7-3,3.73
2004-7-4,3.41
2004-7-5,4.67
2004-7-6,7.08
2004-7-7,5.42
2004-7-8,4.79
2004-7-9,6.64
2004-7-10,9.32
2004-7-11,5.01
2004-7-12,3.08
2004-7-13,7.09
2004-7-14,8.95
2004-7-15,4.19
2004-7-16,5.98
2004-7-17,8.18
2004-7-18,3.72
2004-7-19,2.89
2004-7-20,4.12
2004-7-21,4.67
2004-7-22,6.65
2004-7-23,10.53
2004-7-24,8.44
2004-7-25,3.82
2004-7-26,7.31
2004-7-27,5.67
2004-7-28,9.58
2004-7-29,5.01
2004-7-30,6.32
2004-7-31,5.29
2004-8-1,5.42
2004-8-2,9.36
2004-8-3,6.41
2004-8-4,8.52
2004-8-5,7.27
2004-8-6,4.29
2004-8-7,7.4
2004-8-8,7.56
2004-8-9,7.85
2004-8-10,5.76
2004-8-11,4.13
2004-8-12,7.97
2004-8-13,8.77
2004-8-14,10.09
2004-8-15,7.73
2004-8-16,5.85
2004-8-17,3.46
2004-8-18,2.36
2004-8-19,5.92
2004-8-20,9.35
2004-8-21,7.46
2004-8-22,5.78
2004-8-23,7.49
2004-8-24,6.87
2004-8-25,6.37
2004-8-26,6.84
2004-8-27,7.54
2004-8-28,8.73
2004-8-29,3.37
2004-8-30,2.83
2004-8-31,7.09
2004-9-1,6.6
2004-9-2,8.59
2004-9-3,8.13
2004-9-4,6.37
2004-9-5,4.94
2004-9-6,6.67
2004-9-7,4.88
2004-9-8,7.57
2004-9-9,4.5
2004-9-10,5.22
2004-9-11,5.69
2004-9-12,9.45
2004-9-13,8.52
2004-9-14,7.4
2004-9-15,9.39
2004-9-16,6.03
2004-9-17,9.15
2004-9-18,5.68
2004-9-19,11.3
2004-9-20,12.74
2004-9-21,14.42
2004-9-22,6.51
2004-9-23,6.73
2004-9-24,5.5
2004-9-25,5.39
2004-9-26,7.54
2004-9-27,5.3
2004-9-28,4.98
2004-9-29,6.09
2004-9-30,5.92
2004-10-1,5.32
2004-10-2,3.24
2004-10-3,7.04
2004-10-4,6.02
2004-10-5,6.57
2004-10-6,7.58
2004-10-7,5.05
2004-10-8,9.22
2004-10-9,8.61
2004-10-10,9.72
2004-10-11,9.7
2004-10-12,9.52
2004-10-13,6.12
2004-10-14,3.33
2004-10-15,5.99
2004-10-16,9.11
2004-10-17,4.97
2004-10-18,5.14
2004-10-19,3.57
2004-10-20,7.56
2004-10-21,6.81
2004-10-22,3.67
2004-10-23,3.13
2004-10-24,3.93
2004-10-25,3.4
2004-10-26,2.89
2004-10-27,3.46
2004-10-28,10.03
2004-10-29,9.29
2004-10-30,6.91
2004-10-31,6.98
2004-11-1,12.68
2004-11-2,7.25
2004-11-3,5.19
2004-11-4,10.06
2004-11-5,7.28
2004-11-6,12.86
2004-11-7,8.85
2004-11-8,9.75
2004-11-9,7.42
2004-11-10,4.76
2004-11-11,10.44
2004-11-12,6.42
2004-11-13,4.97
2004-11-14,2.79
2004-11-15,7.14
2004-11-16,12.82
2004-11-17,12.27
2004-11-18,7.53
2004-11-19,2.52
2004-11-20,9.05
2004-11-21,5.89
2004-11-22,4.69
2004-11-23,6.12
2004-11-24,8.17
2004-11-25,7.95
2004-11-26,15.53
2004-11-27,12.95
2004-11-28,4.59
2004-11-29,9.55
2004-11-30,5.47
2004-12-1,6.36
2004-12-2,11.77
2004-12-3,12.72
2004-12-4,7.1
2004-12-5,11.34
2004-12-6,15.16
2004-12-7,6.79
2004-12-8,4.73
2004-12-9,8.58
2004-12-10,4.49
2004-12-11,8.42
2004-12-12,11.26
2004-12-13,6.74
2004-12-14,7.91
2004-12-15,7.72
2004-12-16,3.39
2004-12-17,11.24
2004-12-18,6.66
2004-12-19,7.86
2004-12-20,5.92
2004-12-21,8.97
2004-12-22,9.66
2004-12-23,3.86
2004-12-24,14.36
2004-12-25,8.26
2004-12-26,7.38
2004-12-27,11.89
2004-12-28,10.93
2004-12-29,10.34
2004-12-30,8.01
2004-12-31,7.37
2005-1-1,12.4
2005-1-2,8.9
2005-1-3,7.27
2005-1-4,5.08
2005-1-5,8.55
2005-1-6,7.39
2005-1-7,6.27
2005-1-8,6.23
2005-1-9,7.88
2005-1-10,5.64
2005-1-11,9.69
2005-1-12,9.27
2005-1-13,4.65
2005-1-14,11.87
2005-1-15,9.82
2005-1-16,9.36
2005-1-17,12.48
2005-1-18,8.59
2005-1-19,5.05
2005-1-20,5.87
2005-1-21,10.63
2005-1-22,8.56
2005-1-23,6.8
2005-1-24,11.13
2005-1-25,7.93
2005-1-26,6.78
2005-1-27,6.72
2005-1-28,9.7
2005-1-29,6.01
2005-1-30,5.19
2005-1-31,6.05
2005-2-1,6.56
2005-2-2,5.07
2005-2-3,4.78
2005-2-4,3.53
2005-2-5,6.68
2005-2-6,4.65
2005-2-7,7.35
2005-2-8,5.58
2005-2-9,5.35
2005-2-10,5.67
2005-2-11,10.57
2005-2-12,13.51
2005-2-13,6.95
2005-2-14,6.38
2005-2-15,7.01
2005-2-16,8.42
2005-2-17,7.17
2005-2-18,7.14
2005-2-19,5.52
2005-2-20,5.58
2005-2-21,6.9
2005-2-22,5.14
2005-2-23,2.98
2005-2-24,4.62
2005-2-25,7.36
2005-2-26,11.28
2005-2-27,12.36
2005-2-28,7.53
2005-3-1,6.08
2005-3-2,8.95
2005-3-3,7.24
2005-3-4,6.44
2005-3-5,7.01
2005-3-6,5.73
2005-3-7,8.54
2005-3-8,6.51
2005-3-9,9.44
2005-3-10,7.44
2005-3-11,2.68
2005-3-12,6.4
2005-3-13,9.34
2005-3-14,11.4
2005-3-15,8.83
2005-3-16,13.64
2005-3-17,11.76
2005-3-18,8.52
2005-3-19,9.88
2005-3-20,10.89
2005-3-21,9.45
2005-3-22,6.36
2005-3-23,3.32
2005-3-24,5.52
2005-3-25,9.03
2005-3-26,6.51
2005-3-27,6.03
2005-3-28,3.55
2005-3-29,5.97
2005-3-30,14.54
2005-3-31,10.66
2005-4-1,3.59
2005-4-2,4.06
2005-4-3,3.09
2005-4-4,6.33
2005-4-5,3.93
2005-4-6,6.52
2005-4-7,5.28
2005-4-8,6.11
2005-4-9,4.64
2005-4-10,4.11
2005-4-11,11.38
2005-4-12,15.22
2005-4-13,8.27
2005-4-14,11.25
2005-4-15,7.73
2005-4-16,8.28
2005-4-17,6.97
2005-4-18,7.5
2005-4-19,8.51
2005-4-20,4.58
2005-4-21,6.53
2005-4-22,8.28
2005-4-23,7.81
2005-4-24,2.93
2005-4-25,8.83
2005-4-26,8.93
2005-4-27,4.42
2005-4-28,3.93
2005-4-29,4.84
2005-4-30,3.43
2005-5-1,4.86
2005-5-2,11.67
2005-5-3,5.83
2005-5-4,5.15
2005-5-5,4.82
2005-5-6,4.65
2005-5-7,3.37
2005-5-8,2.66
2005-5-9,2.57
2005-5-10,1.59
2005-5-11,2.92
2005-5-12,6.48
2005-5-13,8.78
2005-5-14,11.27
2005-5-15,10.41
2005-5-16,8.34
2005-5-17,6.68
2005-5-18,7.8
2005-5-19,8.8
2005-5-20,14.45
2005-5-21,11.87
2005-5-22,5.68
2005-5-23,6.3
2005-5-24,3.45
2005-5-25,6.25
2005-5-26,6.03
2005-5-27,3.53
2005-5-28,6.69
2005-5-29,3.91
2005-5-30,3.82
2005-5-31,3.96
2005-6-1,6.49
2005-6-2,5.05
2005-6-3,7.38
2005-6-4,6.88
2005-6-5,6.09
2005-6-6,6.33
2005-6-7,8.37
2005-6-8,4.29
2005-6-9,3.86
2005-6-10,4.98
2005-6-11,4.68
2005-6-12,2.45
2005-6-13,3.78
2005-6-14,5.77
2005-6-15,6.2
2005-6-16,4.08
2005-6-17,5.81
2005-6-18,5.75
2005-6-19,4.27
2005-6-20,10.21
2005-6-21,8.25
2005-6-22,6.55
2005-6-23,4.17
2005-6-24,5.99
2005-6-25,6.57
2005-6-26,5.77
2005-6-27,7.9
2005-6-28,10.72
2005-6-29,6.69
2005-6-30,5.89
2005-7-1,7.17
2005-7-2,10.94
2005-7-3,8.23
2005-7-4,8.2
2005-7-5,9.2
2005-7-6,4.9
2005-7-7,6.59
2005-7-8,9.22
2005-7-9,5.43
2005-7-10,4.66
2005-7-11,7.75
2005-7-12,7.04
2005-7-13,4.75
2005-7-14,5.79
2005-7-15,6.08
2005-7-16,8.29
2005-7-17,6.32
2005-7-18,5.01
2005-7-19,5.9
2005-7-20,5.01
2005-7-21,5.21
2005-7-22,5.51
2005-7-23,6.93
2005-7-24,8.51
2005-7-25,7.76
2005-7-26,6.8
2005-7-27,8.01
2005-7-28,5.73
2005-7-29,4.45
2005-7-30,7.86
2005-7-31,6.53
2005-8-1,6.56
2005-8-2,5.24
2005-8-3,7.61
2005-8-4,8.08
2005-8-5,6.1
2005-8-6,7.92
2005-8-7,7.36
2005-8-8,6.44
2005-8-9,6.65
2005-8-10,7.41
2005-8-11,6.56
2005-8-12,6.57
2005-8-13,7.12
2005-8-14,7.69
2005-8-15,4.72
2005-8-16,6.68
2005-8-17,9.91
2005-8-18,6.53
2005-8-19,6.26
2005-8-20,5.62
2005-8-21,10.53
2005-8-22,5.56
2005-8-23,9.3
2005-8-24,7.83
2005-8-25,3.37
2005-8-26,2.13
2005-8-27,4.03
2005-8-28,8.28
2005-8-29,7.4
2005-8-30,3.66
2005-8-31,3.35
2005-9-1,8.8
2005-9-2,9.21
2005-9-3,10.03
2005-9-4,6.55
2005-9-5,5.51
2005-9-6,5.99
2005-9-7,7.47
2005-9-8,7.55
2005-9-9,2.4
2005-9-10,8.33
2005-9-11,5.8
2005-9-12,7.36
2005-9-13,3.81
2005-9-14,7.92
2005-9-15,7.04
2005-9-16,7.63
2005-9-17,3.71
2005-9-18,5.21
2005-9-19,5.21
2005-9-20,6.3
2005-9-21,9.83
2005-9-22,11.03
2005-9-23,3.66
2005-9-24,7.65
2005-9-25,6.01
2005-9-26,5.84
2005-9-27,9.8
2005-9-28,5.49
2005-9-29,11.78
2005-9-30,13.5
2005-10-1,5.63
2005-10-2,8.97
2005-10-3,5.39
2005-10-4,8.96
2005-10-5,5.11
2005-10-6,5.72
2005-10-7,7.76
2005-10-8,8.05
2005-10-9,5.02
2005-10-10,4.42
2005-10-11,8.23
2005-10-12,6.41
2005-10-13,6.53
2005-10-14,3.84
2005-10-15,3.87
2005-10-16,12.98
2005-10-17,8.32
2005-10-18,6.75
2005-10-19,5.02
2005-10-20,6.16
2005-10-21,8.69
2005-10-22,10.1
2005-10-23,7.33
2005-10-24,6.75
2005-10-25,6.14
2005-10-26,11.56
2005-10-27,9.09
2005-10-28,7.77
2005-10-29,6.48
2005-10-30,3.92
2005-10-31,4.74
2005-11-1,2.48
2005-11-2,9.76
2005-11-3,12.28
2005-11-4,9.93
2005-11-5,5.25
2005-11-6,4.47
2005-11-7,8.37
2005-11-8,9.12
2005-11-9,6.5
2005-11-10,8.92
2005-11-11,7.53
2005-11-12,5.91
2005-11-13,4.78
2005-11-14,7.38
2005-11-15,10.27
2005-11-16,5.14
2005-11-17,8.79
2005-11-18,5.79
2005-11-19,8.07
2005-11-20,9.48
2005-11-21,7.98
2005-11-22,9.96
2005-11-23,14.71
2005-11-24,9.66
2005-11-25,12.27
2005-11-26,5.56
2005-11-27,2.92
2005-11-28,6.09
2005-11-29,9.67
2005-11-30,9.25
2005-12-1,7.5
2005-12-2,10.76
2005-12-3,6.41
2005-12-4,13.26
2005-12-5,11.75
2005-12-6,8.66
2005-12-7,9.17
2005-12-8,9.01
2005-12-9,8.32
2005-12-10,5.99
2005-12-11,7.64
2005-12-12,7.89
2005-12-13,5.6
2005-12-14,11.61
2005-12-15,11.26
2005-12-16,8.29
2005-12-17,9.65
2005-12-18,10.4
2005-12-19,8.28
2005-12-20,8.7
2005-12-21,7.15
2005-12-22,4.52
2005-12-23,7.94
2005-12-24,3.66
2005-12-25,5.73
2005-12-26,8.94
2005-12-27,15.75
2005-12-28,7.12
2005-12-29,3.48
2005-12-30,5.28
2005-12-31,13.02
2006-1-1,6.7
2006-1-2,3.77
2006-1-3,6.07
2006-1-4,4.38
2006-1-5,5.15
2006-1-6,5.08
2006-1-7,8.74
2006-1-8,7.64
2006-1-9,4.92
2006-1-10,5.73
2006-1-11,7.58
2006-1-12,7.15
2006-1-13,4.73
2006-1-14,11.57
2006-1-15,13.11
2006-1-16,7.8
2006-1-17,13.43
2006-1-18,6.12
2006-1-19,16.65
2006-1-20,7.58
2006-1-21,3.85
2006-1-22,14.34
2006-1-23,9.64
2006-1-24,1.98
2006-1-25,6.31
2006-1-26,13.63
2006-1-27,15.46
2006-1-28,7.7
2006-1-29,6.25
2006-1-30,7.31
2006-1-31,6.6
2006-2-1,10.84
2006-2-2,7.29
2006-2-3,3.13
2006-2-4,6.68
2006-2-5,7.6
2006-2-6,8.73
2006-2-7,6.34
2006-2-8,7.06
2006-2-9,3.85
2006-2-10,5.41
2006-2-11,6.94
2006-2-12,4.37
2006-2-13,10.62
2006-2-14,8.55
2006-2-15,7.77
2006-2-16,6.4
2006-2-17,6.21
2006-2-18,16.93
2006-2-19,9.42
2006-2-20,6.59
2006-2-21,3.78
2006-2-22,4.39
2006-2-23,7.78
2006-2-24,8.53
2006-2-25,10.93
2006-2-26,7.87
2006-2-27,4.43
2006-2-28,6.33
2006-3-1,4.52
2006-3-2,9.73
2006-3-3,8.74
2006-3-4,7.14
2006-3-5,10.82
2006-3-6,8.41
2006-3-7,3.66
2006-3-8,3.38
2006-3-9,3.43
2006-3-10,4.24
2006-3-11,7.44
2006-3-12,8.63
2006-3-13,7.5
2006-3-14,6.88
2006-3-15,10.38
2006-3-16,8.0
2006-3-17,3.96
2006-3-18,6.09
2006-3-19,4.87
2006-3-20,9.77
2006-3-21,3.64
2006-3-22,12.72
2006-3-23,9.33
2006-3-24,4.39
2006-3-25,4.97
2006-3-26,2.11
2006-3-27,5.79
2006-3-28,8.2
2006-3-29,4.9
2006-3-30,2.93
2006-3-31,3.86
2006-4-1,5.53
2006-4-2,5.95
2006-4-3,10.69
2006-4-4,8.43
2006-4-5,4.66
2006-4-6,6.08
2006-4-7,7.31
2006-4-8,9.46
2006-4-9,7.44
2006-4-10,3.32
2006-4-11,6.0
2006-4-12,5.72
2006-4-13,10.06
2006-4-14,10.29
2006-4-15,4.89
2006-4-16,11.42
2006-4-17,14.68
2006-4-18,12.55
2006-4-19,8.73
2006-4-20,10.67
2006-4-21,6.05
2006-4-22,3.02
2006-4-23,4.14
2006-4-24,5.79
2006-4-25,8.36
2006-4-26,12.75
2006-4-27,9.99
2006-4-28,5.45
2006-4-29,5.08
2006-4-30,6.8
2006-5-1,6.76
2006-5-2,5.81
2006-5-3,3.4
2006-5-4,2.83
2006-5-5,3.53
2006-5-6,4.31
2006-5-7,8.39
2006-5-8,6.99
2006-5-9,2.09
2006-5-10,3.47
2006-5-11,1.9
2006-5-12,5.06
2006-5-13,3.82
2006-5-14,2.73
2006-5-15,4.02
2006-5-16,7.37
2006-5-17,9.41
2006-5-18,8.53
2006-5-19,5.73
2006-5-20,7.02
2006-5-21,6.57
2006-5-22,5.58
2006-5-23,8.27
2006-5-24,4.37
2006-5-25,4.62
2006-5-26,8.28
2006-5-27,6.08
2006-5-28,4.53
2006-5-29,5.22
2006-5-30,7.34
2006-5-31,5.19
2006-6-1,5.85
2006-6-2,4.13
2006-6-3,3.98
2006-6-4,4.52
2006-6-5,4.68
2006-6-6,5.33
2006-6-7,4.78
2006-6-8,4.67
2006-6-9,2.62
2006-6-10,4.0
2006-6-11,5.3
2006-6-12,3.89
2006-6-13,5.1
2006-6-14,5.84
2006-6-15,6.74
2006-6-16,7.99
2006-6-17,8.86
2006-6-18,11.78
2006-6-19,12.49
2006-6-20,10.75
2006-6-21,3.22
2006-6-22,8.33
2006-6-23,9.03
2006-6-24,3.16
2006-6-25,7.97
2006-6-26,5.66
2006-6-27,5.79
2006-6-28,8.9
2006-6-29,8.48
2006-6-30,8.22
2006-7-1,10.16
2006-7-2,7.01
2006-7-3,4.41
2006-7-4,2.81
2006-7-5,4.24
2006-7-6,7.92
2006-7-7,8.37
2006-7-8,8.29
2006-7-9,11.47
2006-7-10,4.45
2006-7-11,4.78
2006-7-12,6.19
2006-7-13,2.94
2006-7-14,3.42
2006-7-15,5.53
2006-7-16,5.59
2006-7-17,7.3
2006-7-18,8.93
2006-7-19,6.67
2006-7-20,5.97
2006-7-21,8.72
2006-7-22,3.68
2006-7-23,5.97
2006-7-24,5.36
2006-7-25,4.64
2006-7-26,3.75
2006-7-27,2.73
2006-7-28,5.9
2006-7-29,7.84
2006-7-30,6.74
2006-7-31,6.93
2006-8-1,5.79
2006-8-2,5.51
2006-8-3,4.63
2006-8-4,4.83
2006-8-5,8.49
2006-8-6,6.93
2006-8-7,12.42
2006-8-8,7.25
2006-8-9,4.48
2006-8-10,4.17
2006-8-11,4.58
2006-8-12,6.42
2006-8-13,11.05
2006-8-14,9.37
2006-8-15,11.47
2006-8-16,6.91
2006-8-17,4.1
2006-8-18,5.74
2006-8-19,7.72
2006-8-20,4.44
2006-8-21,3.36
2006-8-22,4.24
2006-8-23,7.5
2006-8-24,7.95
2006-8-25,4.98
2006-8-26,4.8
2006-8-27,3.38
2006-8-28,4.31
2006-8-29,3.24
2006-8-30,5.15
2006-8-31,8.12
2006-9-1,6.68
2006-9-2,5.45
2006-9-3,5.85
2006-9-4,8.21
2006-9-5,2.97
2006-9-6,5.91
2006-9-7,5.82
2006-9-8,9.33
2006-9-9,5.29
2006-9-10,5.75
2006-9-11,6.2
2006-9-12,5.15
2006-9-13,6.1
2006-9-14,5.56
2006-9-15,5.01
2006-9-16,3.55
2006-9-17,6.88
2006-9-18,4.95
2006-9-19,7.84
2006-9-20,8.37
2006-9-21,8.4
2006-9-22,8.81
2006-9-23,7.7
2006-9-24,8.49
2006-9-25,7.32
2006-9-26,6.57
2006-9-27,6.95
2006-9-28,3.69
2006-9-29,5.91
2006-9-30,11.1
2006-10-1,4.33
2006-10-2,8.12
2006-10-3,8.31
2006-10-4,5.48
2006-10-5,6.11
2006-10-6,7.76
2006-10-7,10.05
2006-10-8,5.2
2006-10-9,8.71
2006-10-10,10.57
2006-10-11,6.04
2006-10-12,6.0
2006-10-13,6.56
2006-10-14,4.41
2006-10-15,9.28
2006-10-16,4.65
2006-10-17,7.65
2006-10-18,5.84
2006-10-19,2.26
2006-10-20,3.19
2006-10-21,11.18
2006-10-22,11.65
2006-10-23,9.53
2006-10-24,12.89
2006-10-25,14.49
2006-10-26,13.61
2006-10-27,9.98
2006-10-28,3.75
2006-10-29,11.04
2006-10-30,9.07
2006-10-31,6.33
2006-11-1,5.63
2006-11-2,4.96
2006-11-3,5.6
2006-11-4,6.53
2006-11-5,4.42
2006-11-6,3.45
2006-11-7,11.1
2006-11-8,7.82
2006-11-9,9.01
2006-11-10,9.47
2006-11-11,8.03
2006-11-12,6.22
2006-11-13,5.22
2006-11-14,6.42
2006-11-15,8.77
2006-11-16,4.19
2006-11-17,9.11
2006-11-18,10.57
2006-11-19,5.18
2006-11-20,7.1
2006-11-21,6.88
2006-11-22,8.91
2006-11-23,8.93
2006-11-24,9.59
2006-11-25,7.34
2006-11-26,5.75
2006-11-27,8.34
2006-11-28,8.92
2006-11-29,5.53
2006-11-30,6.13
2006-12-1,9.08
2006-12-2,8.12
2006-12-3,6.79
2006-12-4,5.77
2006-12-5,8.47
2006-12-6,7.2
2006-12-7,10.09
2006-12-8,7.52
2006-12-9,9.24
2006-12-10,9.85
2006-12-11,8.81
2006-12-12,8.57
2006-12-13,8.82
2006-12-14,6.64
2006-12-15,6.92
2006-12-16,7.12
2006-12-17,7.95
2006-12-18,7.15
2006-12-19,8.94
2006-12-20,6.17
2006-12-21,10.05
2006-12-22,9.78
2006-12-23,4.91
2006-12-24,9.94
2006-12-25,12.49
2006-12-26,7.26
2006-12-27,7.32
2006-12-28,8.49
2006-12-29,8.99
2006-12-30,7.18
2006-12-31,8.22
2007-1-1,6.34
2007-1-2,9.29
2007-1-3,9.78
2007-1-4,8.06
2007-1-5,6.48
2007-1-6,4.52
2007-1-7,8.64
2007-1-8,5.52
2007-1-9,11.77
2007-1-10,6.18
2007-1-11,6.02
2007-1-12,5.16
2007-1-13,7.89
2007-1-14,7.03
2007-1-15,7.18
2007-1-16,6.36
2007-1-17,8.74
2007-1-18,7.48
2007-1-19,7.17
2007-1-20,12.83
2007-1-21,6.76
2007-1-22,8.35
2007-1-23,4.74
2007-1-24,8.22
2007-1-25,11.33
2007-1-26,7.53
2007-1-27,14.34
2007-1-28,6.87
2007-1-29,5.77
2007-1-30,7.23
2007-1-31,7.46
2007-2-1,6.05
2007-2-2,7.97
2007-2-3,6.69
2007-2-4,16.54
2007-2-5,11.48
2007-2-6,8.61
2007-2-7,8.4
2007-2-8,8.14
2007-2-9,1.89
2007-2-10,3.85
2007-2-11,9.53
2007-2-12,7.79
2007-2-13,9.2
2007-2-14,5.48
2007-2-15,11.11
2007-2-16,10.19
2007-2-17,5.14
2007-2-18,8.21
2007-2-19,4.67
2007-2-20,8.1
2007-2-21,5.98
2007-2-22,5.0
2007-2-23,5.32
2007-2-24,10.1
2007-2-25,14.89
2007-2-26,11.29
2007-2-27,7.12
2007-2-28,5.0
2007-3-1,5.22
2007-3-2,5.41
2007-3-3,8.28
2007-3-4,4.7
2007-3-5,5.82
2007-3-6,6.41
2007-3-7,10.32
2007-3-8,11.01
2007-3-9,8.01
2007-3-10,7.21
2007-3-11,9.74
2007-3-12,6.97
2007-3-13,4.06
2007-3-14,9.42
2007-3-15,4.09
2007-3-16,7.44
2007-3-17,8.76
2007-3-18,9.28
2007-3-19,12.04
2007-3-20,6.38
2007-3-21,11.19
2007-3-22,11.46
2007-3-23,8.9
2007-3-24,5.74
2007-3-25,3.56
2007-3-26,3.89
2007-3-27,3.59
2007-3-28,6.9
2007-3-29,15.76
2007-3-30,7.63
2007-3-31,9.01
2007-4-1,8.69
2007-4-2,6.79
2007-4-3,6.79
2007-4-4,8.07
2007-4-5,7.44
2007-4-6,8.07
2007-4-7,5.97
2007-4-8,13.27
2007-4-9,9.99
2007-4-10,7.14
2007-4-11,5.08
2007-4-12,6.05
2007-4-13,5.6
2007-4-14,5.91
2007-4-15,4.23
2007-4-16,5.35
2007-4-17,9.68
2007-4-18,9.85
2007-4-19,8.27
2007-4-20,4.08
2007-4-21,7.08
2007-4-22,5.93
2007-4-23,7.36
2007-4-24,9.6
2007-4-25,9.34
2007-4-26,8.85
2007-4-27,6.78
2007-4-28,4.81
2007-4-29,4.33
2007-4-30,6.89
2007-5-1,9.09
2007-5-2,5.29
2007-5-3,6.84
2007-5-4,9.65
2007-5-5,9.85
2007-5-6,6.32
2007-5-7,5.67
2007-5-8,7.45
2007-5-9,9.54
2007-5-10,3.63
2007-5-11,8.69
2007-5-12,6.33
2007-5-13,4.43
2007-5-14,4.92
2007-5-15,7.13
2007-5-16,8.53
2007-5-17,3.29
2007-5-18,6.01
2007-5-19,4.78
2007-5-20,12.59
2007-5-21,10.85
2007-5-22,5.94
2007-5-23,5.25
2007-5-24,8.38
2007-5-25,3.72
2007-5-26,4.35
2007-5-27,6.23
2007-5-28,2.5
2007-5-29,6.18
2007-5-30,2.6
2007-5-31,4.11
2007-6-1,3.94
2007-6-2,2.05
2007-6-3,3.76
2007-6-4,5.35
2007-6-5,6.53
2007-6-6,6.04
2007-6-7,4.47
2007-6-8,4.26
2007-6-9,4.83
2007-6-10,4.51
2007-6-11,4.12
2007-6-12,7.01
2007-6-13,3.16
2007-6-14,6.84
2007-6-15,9.21
2007-6-16,6.81
2007-6-17,7.39
2007-6-18,6.95
2007-6-19,6.39
2007-6-20,3.84
2007-6-21,5.2
2007-6-22,6.45
2007-6-23,4.96
2007-6-24,7.08
2007-6-25,6.32
2007-6-26,4.96
2007-6-27,6.46
2007-6-28,4.22
2007-6-29,5.19
2007-6-30,7.16
2007-7-1,4.97
2007-7-2,2.74
2007-7-3,3.52
2007-7-4,6.57
2007-7-5,6.88
2007-7-6,4.49
2007-7-7,4.39
2007-7-8,6.35
2007-7-9,5.71
2007-7-10,6.37
2007-7-11,4.92
2007-7-12,9.49
2007-7-13,5.83
2007-7-14,7.71
2007-7-15,6.97
2007-7-16,10.42
2007-7-17,8.44
2007-7-18,8.5
2007-7-19,5.35
2007-7-20,4.39
2007-7-21,7.66
2007-7-22,7.15
2007-7-23,8.15
2007-7-24,10.03
2007-7-25,7.07
2007-7-26,5.59
2007-7-27,5.95
2007-7-28,8.44
2007-7-29,4.04
2007-7-30,2.92
2007-7-31,6.31
2007-8-1,5.58
2007-8-2,3.2
2007-8-3,6.26
2007-8-4,10.27
2007-8-5,6.43
2007-8-6,6.12
2007-8-7,7.31
2007-8-8,3.31
2007-8-9,12.66
2007-8-10,8.94
2007-8-11,5.92
2007-8-12,5.16
2007-8-13,7.69
2007-8-14,6.03
2007-8-15,4.04
2007-8-16,8.78
2007-8-17,9.39
2007-8-18,5.46
2007-8-19,8.44
2007-8-20,3.05
2007-8-21,3.79
2007-8-22,4.36
2007-8-23,7.06
2007-8-24,7.94
2007-8-25,7.12
2007-8-26,4.94
2007-8-27,7.55
2007-8-28,5.69
2007-8-29,7.59
2007-8-30,5.62
2007-8-31,5.14
2007-9-1,6.45
2007-9-2,6.39
2007-9-3,10.72
2007-9-4,7.87
2007-9-5,8.09
2007-9-6,6.69
2007-9-7,7.15
2007-9-8,9.05
2007-9-9,6.49
2007-9-10,6.29
2007-9-11,5.21
2007-9-12,12.72
2007-9-13,14.84
2007-9-14,8.73
2007-9-15,8.23
2007-9-16,9.99
2007-9-17,7.7
2007-9-18,5.53
2007-9-19,7.75
2007-9-20,9.22
2007-9-21,6.32
2007-9-22,4.8
2007-9-23,11.19
2007-9-24,8.5
2007-9-25,7.29
2007-9-26,2.91
2007-9-27,4.84
2007-9-28,5.15
2007-9-29,6.57
2007-9-30,6.96
2007-10-1,8.87
2007-10-2,5.57
2007-10-3,4.31
2007-10-4,10.63
2007-10-5,10.07
2007-10-6,10.79
2007-10-7,10.97
2007-10-8,11.09
2007-10-9,8.14
2007-10-10,4.16
2007-10-11,1.78
2007-10-12,6.85
2007-10-13,9.6
2007-10-14,7.54
2007-10-15,7.04
2007-10-16,6.95
2007-10-17,9.23
2007-10-18,9.53
2007-10-19,4.55
2007-10-20,9.45
2007-10-21,8.13
2007-10-22,4.7
2007-10-23,8.51
2007-10-24,5.49
2007-10-25,5.28
2007-10-26,8.7
2007-10-27,7.09
2007-10-28,12.96
2007-10-29,7.73
2007-10-30,2.95
2007-10-31,6.22
2007-11-1,12.49
2007-11-2,8.9
2007-11-3,3.86
2007-11-4,16.15
2007-11-5,4.89
2007-11-6,4.84
2007-11-7,8.47
2007-11-8,3.33
2007-11-9,6.09
2007-11-10,6.44
2007-11-11,12.94
2007-11-12,13.65
2007-11-13,5.93
2007-11-14,4.99
2007-11-15,10.48
2007-11-16,12.64
2007-11-17,13.06
2007-11-18,9.29
2007-11-19,3.93
2007-11-20,2.98
2007-11-21,3.86
2007-11-22,3.09
2007-11-23,5.42
2007-11-24,8.27
2007-11-25,7.93
2007-11-26,8.62
2007-11-27,6.57
2007-11-28,9.6
2007-11-29,7.69
2007-11-30,9.11
2007-12-1,9.97
2007-12-2,9.39
2007-12-3,9.62
2007-12-4,11.46
2007-12-5,6.4
2007-12-6,6.03
2007-12-7,6.65
2007-12-8,8.25
2007-12-9,9.8
2007-12-10,7.58
2007-12-11,7.74
2007-12-12,5.09
2007-12-13,8.71
2007-12-14,5.54
2007-12-15,6.26
2007-12-16,4.21
2007-12-17,9.88
2007-12-18,9.93
2007-12-19,7.5
2007-12-20,5.7
2007-12-21,5.4
2007-12-22,8.14
2007-12-23,8.98
2007-12-24,10.93
2007-12-25,9.86
2007-12-26,8.88
2007-12-27,6.12
2007-12-28,6.55
2007-12-29,5.43
2007-12-30,7.09
2007-12-31,4.91
2008-1-1,7.35
2008-1-2,9.45
2008-1-3,8.88
2008-1-4,9.07
2008-1-5,7.53
2008-1-6,2.54
2008-1-7,7.17
2008-1-8,6.35
2008-1-9,7.5
2008-1-10,10.6
2008-1-11,7.26
2008-1-12,6.35
2008-1-13,9.46
2008-1-14,5.85
2008-1-15,15.13
2008-1-16,10.9
2008-1-17,5.83
2008-1-18,8.36
2008-1-19,12.6
2008-1-20,5.95
2008-1-21,8.2
2008-1-22,8.16
2008-1-23,6.65
2008-1-24,6.53
2008-1-25,5.64
2008-1-26,5.17
2008-1-27,5.3
2008-1-28,3.67
2008-1-29,9.96
2008-1-30,5.49
2008-1-31,13.97
2008-2-1,9.71
2008-2-2,9.07
2008-2-3,6.93
2008-2-4,4.73
2008-2-5,4.95
2008-2-6,4.55
2008-2-7,9.63
2008-2-8,3.42
2008-2-9,5.87
2008-2-10,8.86
2008-2-11,11.95
2008-2-12,11.82
2008-2-13,4.71
2008-2-14,6.54
2008-2-15,5.88
2008-2-16,9.13
2008-2-17,8.47
2008-2-18,7.0
2008-2-19,11.08
2008-2-20,9.12
2008-2-21,7.91
2008-2-22,8.8
2008-2-23,4.29
2008-2-24,7.59
2008-2-25,5.15
2008-2-26,3.15
2008-2-27,9.01
2008-2-28,6.87
2008-2-29,6.58
2008-3-1,5.82
2008-3-2,9.96
2008-3-3,11.05
2008-3-4,11.23
2008-3-5,5.82
2008-3-6,11.08
2008-3-7,5.14
2008-3-8,7.69
2008-3-9,11.3
2008-3-10,6.4
2008-3-11,7.07
2008-3-12,7.01
2008-3-13,9.48
2008-3-14,9.86
2008-3-15,4.87
2008-3-16,3.92
2008-3-17,8.25
2008-3-18,11.39
2008-3-19,9.0
2008-3-20,4.05
2008-3-21,7.63
2008-3-22,6.18
2008-3-23,9.27
2008-3-24,11.14
2008-3-25,6.5
2008-3-26,7.42
2008-3-27,7.48
2008-3-28,6.52
2008-3-29,3.04
2008-3-30,9.04
2008-3-31,4.52
2008-4-1,5.06
2008-4-2,11.03
2008-4-3,10.01
2008-4-4,9.5
2008-4-5,2.48
2008-4-6,2.65
2008-4-7,4.01
2008-4-8,5.8
2008-4-9,5.03
2008-4-10,3.64
2008-4-11,5.59
2008-4-12,5.82
2008-4-13,6.56
2008-4-14,7.48
2008-4-15,9.09
2008-4-16,7.74
2008-4-17,8.06
2008-4-18,5.39
2008-4-19,6.33
2008-4-20,5.1
2008-4-21,5.21
2008-4-22,4.87
2008-4-23,5.59
2008-4-24,2.33
2008-4-25,2.99
2008-4-26,3.83
2008-4-27,5.2
2008-4-28,5.71
2008-4-29,7.78
2008-4-30,9.65
2008-5-1,9.24
2008-5-2,4.8
2008-5-3,2.2
2008-5-4,4.29
2008-5-5,4.59
2008-5-6,1.81
2008-5-7,5.16
2008-5-8,6.93
2008-5-9,5.29
2008-5-10,3.23
2008-5-11,5.85
2008-5-12,7.7
2008-5-13,5.07
2008-5-14,2.88
2008-5-15,6.22
2008-5-16,7.81
2008-5-17,4.14
2008-5-18,7.48
2008-5-19,6.37
2008-5-20,5.42
2008-5-21,7.6
2008-5-22,6.52
2008-5-23,3.75
2008-5-24,7.38
2008-5-25,6.66
2008-5-26,9.67
2008-5-27,7.37
2008-5-28,6.09
2008-5-29,6.66
2008-5-30,5.15
2008-5-31,5.61
2008-6-1,7.91
2008-6-2,10.35
2008-6-3,5.38
2008-6-4,7.95
2008-6-5,4.12
2008-6-6,4.29
2008-6-7,2.38
2008-6-8,6.07
2008-6-9,3.28
2008-6-10,4.93
2008-6-11,5.3
2008-6-12,4.74
2008-6-13,11.72
2008-6-14,9.2
2008-6-15,9.23
2008-6-16,7.33
2008-6-17,8.2
2008-6-18,6.85
2008-6-19,4.55
2008-6-20,2.84
2008-6-21,5.25
2008-6-22,6.2
2008-6-23,6.27
2008-6-24,6.56
2008-6-25,9.52
2008-6-26,6.85
2008-6-27,7.54
2008-6-28,6.74
2008-6-29,3.03
2008-6-30,6.31
2008-7-1,4.1
2008-7-2,7.5
2008-7-3,8.14
2008-7-4,8.61
2008-7-5,8.28
2008-7-6,8.6
2008-7-7,7.79
2008-7-8,5.59
2008-7-9,3.65
2008-7-10,7.75
2008-7-11,8.02
2008-7-12,3.6
2008-7-13,5.62
2008-7-14,11.53
2008-7-15,8.0
2008-7-16,7.15
2008-7-17,6.82
2008-7-18,7.07
2008-7-19,3.34
2008-7-20,2.98
2008-7-21,2.9
2008-7-22,3.14
2008-7-23,2.82
2008-7-24,5.75
2008-7-25,5.79
2008-7-26,8.55
2008-7-27,6.59
2008-7-28,5.58
2008-7-29,4.62
2008-7-30,4.47
2008-7-31,8.19
2008-8-1,5.96
2008-8-2,6.94
2008-8-3,6.55
2008-8-4,5.32
2008-8-5,7.34
2008-8-6,6.05
2008-8-7,3.21
2008-8-8,8.32
2008-8-9,5.85
2008-8-10,3.87
2008-8-11,1.98
2008-8-12,3.37
2008-8-13,7.66
2008-8-14,4.12
2008-8-15,4.26
2008-8-16,7.62
2008-8-17,8.77
2008-8-18,7.32
2008-8-19,8.55
2008-8-20,4.54
2008-8-21,5.94
2008-8-22,8.24
2008-8-23,8.82
2008-8-24,9.81
2008-8-25,8.95
2008-8-26,3.87
2008-8-27,4.16
2008-8-28,5.49
2008-8-29,4.96
2008-8-30,2.23
2008-8-31,4.18
2008-9-1,6.66
2008-9-2,3.28
2008-9-3,6.54
2008-9-4,4.4
2008-9-5,6.5
2008-9-6,3.95
2008-9-7,7.8
2008-9-8,7.8
2008-9-9,5.96
2008-9-10,11.67
2008-9-11,8.17
2008-9-12,7.67
2008-9-13,6.42
2008-9-14,7.05
2008-9-15,14.22
2008-9-16,6.51
2008-9-17,7.72
2008-9-18,6.78
2008-9-19,8.74
2008-9-20,14.41
2008-9-21,6.37
2008-9-22,5.78
2008-9-23,5.93
2008-9-24,5.17
2008-9-25,7.65
2008-9-26,5.69
2008-9-27,7.09
2008-9-28,9.0
2008-9-29,8.38
2008-9-30,10.03
2008-10-1,4.57
2008-10-2,6.11
2008-10-3,12.79
2008-10-4,9.08
2008-10-5,5.29
2008-10-6,6.57
2008-10-7,6.7
2008-10-8,8.58
2008-10-9,4.97
2008-10-10,4.16
2008-10-11,3.48
2008-10-12,3.29
2008-10-13,4.52
2008-10-14,9.54
2008-10-15,9.61
2008-10-16,4.13
2008-10-17,5.85
2008-10-18,7.64
2008-10-19,5.5
2008-10-20,7.49
2008-10-21,10.17
2008-10-22,7.02
2008-10-23,5.39
2008-10-24,6.42
2008-10-25,6.6
2008-10-26,7.09
2008-10-27,7.5
2008-10-28,5.28
2008-10-29,8.51
2008-10-30,8.67
2008-10-31,4.17
2008-11-1,9.13
2008-11-2,7.11
2008-11-3,9.37
2008-11-4,6.79
2008-11-5,9.28
2008-11-6,6.93
2008-11-7,5.48
2008-11-8,8.89
2008-11-9,8.28
2008-11-10,8.99
2008-11-11,5.74
2008-11-12,6.8
2008-11-13,4.57
2008-11-14,6.08
2008-11-15,8.84
2008-11-16,13.9
2008-11-17,14.74
2008-11-18,4.31
2008-11-19,10.01
2008-11-20,11.99
2008-11-21,12.48
2008-11-22,9.46
2008-11-23,13.05
2008-11-24,9.16
2008-11-25,4.78
2008-11-26,6.11
2008-11-27,11.08
2008-11-28,5.22
2008-11-29,5.61
2008-11-30,9.96
2008-12-1,7.4
2008-12-2,10.76
2008-12-3,6.38
2008-12-4,10.01
2008-12-5,7.49
2008-12-6,5.86
2008-12-7,8.3
2008-12-8,10.85
2008-12-9,11.82
2008-12-10,7.22
2008-12-11,5.99
2008-12-12,7.1
2008-12-13,9.58
2008-12-14,7.7
2008-12-15,6.9
2008-12-16,14.63
2008-12-17,6.63
2008-12-18,5.69
2008-12-19,9.6
2008-12-20,6.97
2008-12-21,5.4
2008-12-22,12.81
2008-12-23,10.35
2008-12-24,7.92
2008-12-25,9.08
2008-12-26,9.4
2008-12-27,4.88
2008-12-28,8.26
2008-12-29,9.43
2008-12-30,7.48
2008-12-31,5.83
2009-1-1,9.4
2009-1-2,5.95
2009-1-3,10.63
2009-1-4,7.42
2009-1-5,9.94
2009-1-6,10.53
2009-1-7,8.94
2009-1-8,7.08
2009-1-9,6.32
2009-1-10,6.72
2009-1-11,4.61
2009-1-12,4.14
2009-1-13,5.71
2009-1-14,9.33
2009-1-15,13.16
2009-1-16,11.43
2009-1-17,11.61
2009-1-18,6.02
2009-1-19,5.38
2009-1-20,7.82
2009-1-21,6.01
2009-1-22,7.36
2009-1-23,8.43
2009-1-24,5.84
2009-1-25,12.21
2009-1-26,10.83
2009-1-27,9.62
2009-1-28,7.95
2009-1-29,9.48
2009-1-30,4.46
2009-1-31,3.72
2009-2-1,6.25
2009-2-2,4.31
2009-2-3,3.39
2009-2-4,10.29
2009-2-5,6.01
2009-2-6,9.01
2009-2-7,8.0
2009-2-8,7.82
2009-2-9,11.68
2009-2-10,9.85
2009-2-11,5.42
2009-2-12,4.12
2009-2-13,11.26
2009-2-14,10.71
2009-2-15,11.64
2009-2-16,5.7
2009-2-17,3.27
2009-2-18,8.04
2009-2-19,6.75
2009-2-20,10.44
2009-2-21,7.86
2009-2-22,5.59
2009-2-23,11.39
2009-2-24,10.01
2009-2-25,9.85
2009-2-26,5.81
2009-2-27,9.33
2009-2-28,12.39
2009-3-1,6.56
2009-3-2,9.14
2009-3-3,4.79
2009-3-4,6.55
2009-3-5,8.4
2009-3-6,5.46
2009-3-7,6.57
2009-3-8,7.44
2009-3-9,9.15
2009-3-10,5.41
2009-3-11,4.59
2009-3-12,13.99
2009-3-13,12.77
2009-3-14,8.9
2009-3-15,9.0
2009-3-16,7.59
2009-3-17,5.36
2009-3-18,7.93
2009-3-19,7.72
2009-3-20,8.13
2009-3-21,3.47
2009-3-22,4.31
2009-3-23,5.54
2009-3-24,9.51
2009-3-25,7.45
2009-3-26,6.34
2009-3-27,3.88
2009-3-28,4.26
2009-3-29,6.67
2009-3-30,8.42
2009-3-31,6.88
2009-4-1,4.63
2009-4-2,5.58
2009-4-3,5.13
2009-4-4,9.57
2009-4-5,10.12
2009-4-6,8.57
2009-4-7,8.48
2009-4-8,8.31
2009-4-9,9.69
2009-4-10,5.85
2009-4-11,4.08
2009-4-12,10.91
2009-4-13,4.77
2009-4-14,5.86
2009-4-15,11.66
2009-4-16,10.13
2009-4-17,7.33
2009-4-18,7.61
2009-4-19,5.41
2009-4-20,4.75
2009-4-21,4.43
2009-4-22,10.1
2009-4-23,12.56
2009-4-24,7.38
2009-4-25,7.67
2009-4-26,8.84
2009-4-27,6.2
2009-4-28,3.46
2009-4-29,9.33
2009-4-30,7.02
2009-5-1,10.54
2009-5-2,5.18
2009-5-3,6.07
2009-5-4,8.05
2009-5-5,7.64
2009-5-6,5.25
2009-5-7,5.18
2009-5-8,5.54
2009-5-9,4.32
2009-5-10,10.5
2009-5-11,6.36
2009-5-12,7.53
2009-5-13,8.17
2009-5-14,9.29
2009-5-15,12.51
2009-5-16,6.61
2009-5-17,7.45
2009-5-18,7.09
2009-5-19,6.7
2009-5-20,7.69
2009-5-21,4.98
2009-5-22,5.73
2009-5-23,7.64
2009-5-24,6.41
2009-5-25,4.74
2009-5-26,6.63
2009-5-27,6.42
2009-5-28,5.5
2009-5-29,4.96
2009-5-30,5.9
2009-5-31,5.73
2009-6-1,6.08
2009-6-2,8.84
2009-6-3,7.94
2009-6-4,4.73
2009-6-5,6.4
2009-6-6,2.55
2009-6-7,4.77
2009-6-8,6.29
2009-6-9,6.24
2009-6-10,2.55
2009-6-11,2.16
2009-6-12,5.04
2009-6-13,5.67
2009-6-14,3.68
2009-6-15,4.28
2009-6-16,7.25
2009-6-17,8.04
2009-6-18,8.25
2009-6-19,4.69
2009-6-20,2.45
2009-6-21,1.84
2009-6-22,2.92
2009-6-23,5.52
2009-6-24,4.59
2009-6-25,4.85
2009-6-26,4.26
2009-6-27,8.15
2009-6-28,4.81
2009-6-29,2.52
2009-6-30,3.42
2009-7-1,2.51
2009-7-2,2.12
2009-7-3,2.93
2009-7-4,4.19
2009-7-5,12.09
2009-7-6,8.41
2009-7-7,3.53
2009-7-8,3.52
2009-7-9,4.19
2009-7-10,5.53
2009-7-11,6.84
2009-7-12,8.96
2009-7-13,8.1
2009-7-14,7.22
2009-7-15,7.45
2009-7-16,4.72
2009-7-17,5.58
2009-7-18,9.89
2009-7-19,6.73
2009-7-20,6.84
2009-7-21,2.26
2009-7-22,4.23
2009-7-23,2.96
2009-7-24,3.09
2009-7-25,2.01
2009-7-26,4.61
2009-7-27,4.81
2009-7-28,4.24
2009-7-29,2.95
2009-7-30,7.47
2009-7-31,6.19
2009-8-1,7.14
2009-8-2,4.05
2009-8-3,5.03
2009-8-4,6.25
2009-8-5,8.01
2009-8-6,7.95
2009-8-7,6.88
2009-8-8,4.94
2009-8-9,5.66
2009-8-10,8.2
2009-8-11,4.04
2009-8-12,4.19
2009-8-13,8.63
2009-8-14,7.38
2009-8-15,3.58
2009-8-16,5.73
2009-8-17,3.85
2009-8-18,6.85
2009-8-19,5.02
2009-8-20,5.44
2009-8-21,4.82
2009-8-22,6.67
2009-8-23,4.81
2009-8-24,6.54
2009-8-25,5.13
2009-8-26,10.32
2009-8-27,10.58
2009-8-28,11.39
2009-8-29,5.75
2009-8-30,6.67
2009-8-31,2.86
2009-9-1,5.3
2009-9-2,9.8
2009-9-3,9.19
2009-9-4,5.5
2009-9-5,3.68
2009-9-6,6.23
2009-9-7,10.01
2009-9-8,5.77
2009-9-9,7.94
2009-9-10,6.63
2009-9-11,6.46
2009-9-12,5.35
2009-9-13,7.52
2009-9-14,8.25
2009-9-15,8.79
2009-9-16,6.42
2009-9-17,7.46
2009-9-18,7.13
2009-9-19,6.75
2009-9-20,5.85
2009-9-21,7.3
2009-9-22,9.25
2009-9-23,10.14
2009-9-24,6.55
2009-9-25,5.91
2009-9-26,6.94
2009-9-27,7.05
2009-9-28,4.62
2009-9-29,5.48
2009-9-30,5.2
2009-10-1,4.31
2009-10-2,8.99
2009-10-3,8.73
2009-10-4,6.09
2009-10-5,9.31
2009-10-6,6.79
2009-10-7,4.23
2009-10-8,11.27
2009-10-9,6.09
2009-10-10,2.94
2009-10-11,7.25
2009-10-12,7.43
2009-10-13,5.74
2009-10-14,6.16
2009-10-15,8.19
2009-10-16,3.9
2009-10-17,6.6
2009-10-18,3.43
2009-10-19,4.58
2009-10-20,3.16
2009-10-21,3.83
2009-10-22,6.53
2009-10-23,7.35
2009-10-24,4.11
2009-10-25,9.1
2009-10-26,11.67
2009-10-27,11.27
2009-10-28,9.56
2009-10-29,6.16
2009-10-30,5.28
2009-10-31,12.3
2009-11-1,13.37
2009-11-2,4.77
2009-11-3,5.18
2009-11-4,6.86
2009-11-5,7.32
2009-11-6,8.12
2009-11-7,9.87
2009-11-8,9.34
2009-11-9,9.27
2009-11-10,4.78
2009-11-11,7.64
2009-11-12,5.61
2009-11-13,5.97
2009-11-14,8.15
2009-11-15,7.38
2009-11-16,5.99
2009-11-17,9.78
2009-11-18,7.45
2009-11-19,5.91
2009-11-20,6.67
2009-11-21,7.24
2009-11-22,6.78
2009-11-23,8.96
2009-11-24,6.74
2009-11-25,2.71
2009-11-26,5.29
2009-11-27,8.81
2009-11-28,9.38
2009-11-29,7.1
2009-11-30,8.57
2009-12-1,6.52
2009-12-2,15.18
2009-12-3,10.1
2009-12-4,4.1
2009-12-5,7.94
2009-12-6,7.13
2009-12-7,8.3
2009-12-8,6.26
2009-12-9,4.92
2009-12-10,10.53
2009-12-11,5.92
2009-12-12,10.97
2009-12-13,9.57
2009-12-14,8.01
2009-12-15,7.32
2009-12-16,7.7
2009-12-17,6.7
2009-12-18,7.19
2009-12-19,5.46
2009-12-20,7.77
2009-12-21,12.63
2009-12-22,12.74
2009-12-23,7.36
2009-12-24,6.08
2009-12-25,6.16
2009-12-26,5.07
2009-12-27,6.19
2009-12-28,8.82
2009-12-29,6.44
2009-12-30,10.26
2009-12-31,8.15
2010-1-1,6.27
2010-1-2,10.76
2010-1-3,14.28
2010-1-4,14.44
2010-1-5,6.9
2010-1-6,5.77
2010-1-7,2.34
2010-1-8,1.94
2010-1-9,10.86
2010-1-10,10.1
2010-1-11,10.36
2010-1-12,10.32
2010-1-13,9.43
2010-1-14,5.94
2010-1-15,10.54
2010-1-16,7.86
2010-1-17,9.82
2010-1-18,6.18
2010-1-19,5.45
2010-1-20,4.27
2010-1-21,5.66
2010-1-22,8.51
2010-1-23,7.07
2010-1-24,6.73
2010-1-25,5.35
2010-1-26,12.75
2010-1-27,10.43
2010-1-28,3.92
2010-1-29,7.53
2010-1-30,7.82
2010-1-31,8.47
2010-2-1,7.59
2010-2-2,9.15
2010-2-3,7.2
2010-2-4,5.81
2010-2-5,6.97
2010-2-6,9.6
2010-2-7,11.33
2010-2-8,11.62
2010-2-9,11.9
2010-2-10,10.46
2010-2-11,8.39
2010-2-12,12.62
2010-2-13,11.65
2010-2-14,8.89
2010-2-15,3.03
2010-2-16,1.84
2010-2-17,8.56
2010-2-18,7.71
2010-2-19,8.09
2010-2-20,11.54
2010-2-21,13.18
2010-2-22,10.37
2010-2-23,5.55
2010-2-24,1.99
2010-2-25,1.74
2010-2-26,4.88
2010-2-27,6.36
2010-2-28,2.36
2010-3-1,11.2
2010-3-2,13.87
2010-3-3,9.29
2010-3-4,10.61
2010-3-5,10.41
2010-3-6,6.89
2010-3-7,5.62
2010-3-8,6.97
2010-3-9,3.66
2010-3-10,6.78
2010-3-11,4.66
2010-3-12,5.27
2010-3-13,4.74
2010-3-14,6.83
2010-3-15,4.9
2010-3-16,5.82
2010-3-17,6.93
2010-3-18,5.94
2010-3-19,5.29
2010-3-20,2.19
2010-3-21,7.13
2010-3-22,4.4
2010-3-23,5.4
2010-3-24,13.44
2010-3-25,6.87
2010-3-26,6.8
2010-3-27,7.8
2010-3-28,4.82
2010-3-29,8.48
2010-3-30,8.34
2010-3-31,6.79
2010-4-1,5.05
2010-4-2,6.13
2010-4-3,5.87
2010-4-4,3.65
2010-4-5,6.65
2010-4-6,5.0
2010-4-7,4.57
2010-4-8,2.94
2010-4-9,5.41
2010-4-10,11.1
2010-4-11,12.6
2010-4-12,6.09
2010-4-13,3.41
2010-4-14,2.61
2010-4-15,5.84
2010-4-16,12.67
2010-4-17,10.37
2010-4-18,9.95
2010-4-19,11.63
2010-4-20,10.57
2010-4-21,8.17
2010-4-22,5.14
2010-4-23,6.89
2010-4-24,5.4
2010-4-25,3.85
2010-4-26,3.06
2010-4-27,7.25
2010-4-28,7.23
2010-4-29,5.27
2010-4-30,3.16
2010-5-1,2.09
2010-5-2,4.07
2010-5-3,4.34
2010-5-4,12.8
2010-5-5,10.22
2010-5-6,5.51
2010-5-7,4.96
2010-5-8,5.63
2010-5-9,9.64
2010-5-10,6.8
2010-5-11,1.43
2010-5-12,8.41
2010-5-13,6.8
2010-5-14,4.57
2010-5-15,6.96
2010-5-16,10.73
2010-5-17,9.96
2010-5-18,4.33
2010-5-19,6.41
2010-5-20,7.6
2010-5-21,7.76
2010-5-22,7.16
2010-5-23,6.92
2010-5-24,4.95
2010-5-25,4.6
2010-5-26,9.95
2010-5-27,11.12
2010-5-28,9.28
2010-5-29,5.93
2010-5-30,5.48
2010-5-31,8.13
2010-6-1,3.22
2010-6-2,3.13
2010-6-3,7.62
2010-6-4,3.18
2010-6-5,6.93
2010-6-6,5.21
2010-6-7,10.03
2010-6-8,5.17
2010-6-9,5.07
2010-6-10,6.6
2010-6-11,9.07
2010-6-12,3.65
2010-6-13,7.29
2010-6-14,8.79
2010-6-15,10.61
2010-6-16,12.18
2010-6-17,5.41
2010-6-18,7.13
2010-6-19,6.28
2010-6-20,4.16
2010-6-21,5.6
2010-6-22,5.16
2010-6-23,7.73
2010-6-24,6.86
2010-6-25,7.88
2010-6-26,7.28
2010-6-27,7.39
2010-6-28,3.75
2010-6-29,7.46
2010-6-30,9.2
2010-7-1,3.73
2010-7-2,3.23
2010-7-3,7.87
2010-7-4,4.93
2010-7-5,5.73
2010-7-6,5.32
2010-7-7,3.23
2010-7-8,4.01
2010-7-9,8.55
2010-7-10,8.73
2010-7-11,6.25
2010-7-12,6.34
2010-7-13,9.16
2010-7-14,5.85
2010-7-15,5.21
2010-7-16,6.61
2010-7-17,6.07
2010-7-18,4.52
2010-7-19,6.28
2010-7-20,3.59
2010-7-21,7.03
2010-7-22,3.15
2010-7-23,3.75
2010-7-24,3.33
2010-7-25,5.94
2010-7-26,5.59
2010-7-27,10.01
2010-7-28,8.36
2010-7-29,10.82
2010-7-30,4.69
2010-7-31,4.29
2010-8-1,2.82
2010-8-2,2.98
2010-8-3,4.12
2010-8-4,5.69
2010-8-5,4.92
2010-8-6,7.98
2010-8-7,8.56
2010-8-8,9.43
2010-8-9,9.9
2010-8-10,6.69
2010-8-11,5.35
2010-8-12,2.8
2010-8-13,4.3
2010-8-14,3.81
2010-8-15,4.85
2010-8-16,5.41
2010-8-17,6.62
2010-8-18,5.72
2010-8-19,3.6
2010-8-20,6.15
2010-8-21,7.94
2010-8-22,5.43
2010-8-23,3.23
2010-8-24,6.64
2010-8-25,7.46
2010-8-26,4.34
2010-8-27,6.15
2010-8-28,6.3
2010-8-29,7.32
2010-8-30,6.18
2010-8-31,6.51
2010-9-1,3.95
2010-9-2,2.86
2010-9-3,4.65
2010-9-4,8.31
2010-9-5,10.56
2010-9-6,10.81
2010-9-7,8.39
2010-9-8,6.97
2010-9-9,8.64
2010-9-10,11.27
2010-9-11,11.22
2010-9-12,4.6
2010-9-13,2.8
2010-9-14,3.02
2010-9-15,4.52
2010-9-16,5.65
2010-9-17,3.58
2010-9-18,4.35
2010-9-19,8.09
2010-9-20,3.79
2010-9-21,12.51
2010-9-22,10.55
2010-9-23,9.32
2010-9-24,7.93
2010-9-25,4.3
2010-9-26,5.92
2010-9-27,9.1
2010-9-28,6.44
2010-9-29,6.15
2010-9-30,4.39
2010-10-1,11.79
2010-10-2,9.45
2010-10-3,5.24
2010-10-4,6.8
2010-10-5,8.07
2010-10-6,6.0
2010-10-7,8.15
2010-10-8,10.41
2010-10-9,6.25
2010-10-10,5.76
2010-10-11,4.47
2010-10-12,6.03
2010-10-13,6.24
2010-10-14,4.81
2010-10-15,3.45
2010-10-16,9.3
2010-10-17,5.67
2010-10-18,10.83
2010-10-19,10.98
2010-10-20,9.34
2010-10-21,4.61
2010-10-22,8.08
2010-10-23,6.53
2010-10-24,10.1
2010-10-25,6.2
2010-10-26,4.25
2010-10-27,4.56
2010-10-28,5.52
2010-10-29,3.13
2010-10-30,6.16
2010-10-31,6.92
2010-11-1,8.14
2010-11-2,6.71
2010-11-3,5.01
2010-11-4,6.48
2010-11-5,11.95
2010-11-6,11.4
2010-11-7,3.02
2010-11-8,6.36
2010-11-9,8.08
2010-11-10,8.16
2010-11-11,5.34
2010-11-12,4.89
2010-11-13,6.02
2010-11-14,6.56
2010-11-15,4.48
2010-11-16,7.98
2010-11-17,4.76
2010-11-18,11.04
2010-11-19,10.71
2010-11-20,7.76
2010-11-21,10.82
2010-11-22,8.89
2010-11-23,9.35
2010-11-24,7.56
2010-11-25,9.95
2010-11-26,8.18
2010-11-27,5.0
2010-11-28,6.11
2010-11-29,6.14
2010-11-30,6.81
2010-12-1,6.72
2010-12-2,6.27
2010-12-3,8.59
2010-12-4,9.88
2010-12-5,12.27
2010-12-6,11.17
2010-12-7,5.59
2010-12-8,7.71
2010-12-9,9.41
2010-12-10,8.36
2010-12-11,5.4
2010-12-12,4.81
2010-12-13,7.98
2010-12-14,8.91
2010-12-15,12.93
2010-12-16,8.34
2010-12-17,6.83
2010-12-18,5.74
2010-12-19,12.85
2010-12-20,11.94
2010-12-21,15.61
2010-12-22,16.06
2010-12-23,13.79
2010-12-24,14.88
2010-12-25,11.8
2010-12-26,7.24
2010-12-27,10.82
2010-12-28,10.09
2010-12-29,11.2
2010-12-30,11.06
2010-12-31,9.87
2011-1-1,8.6
2011-1-2,8.38
2011-1-3,7.27
2011-1-4,8.34
2011-1-5,6.79
2011-1-6,5.58
2011-1-7,3.75
2011-1-8,7.3
2011-1-9,8.01
2011-1-10,15.26
2011-1-11,9.76
2011-1-12,8.27
2011-1-13,12.79
2011-1-14,7.12
2011-1-15,2.61
2011-1-16,4.62
2011-1-17,9.29
2011-1-18,7.96
2011-1-19,9.7
2011-1-20,10.44
2011-1-21,7.34
2011-1-22,18.23
2011-1-23,9.64
2011-1-24,10.86
2011-1-25,9.39
2011-1-26,3.68
2011-1-27,9.13
2011-1-28,9.89
2011-1-29,5.07
2011-1-30,6.99
2011-1-31,5.95
2011-2-1,8.42
2011-2-2,6.01
2011-2-3,6.6
2011-2-4,7.31
2011-2-5,4.85
2011-2-6,7.23
2011-2-7,6.0
2011-2-8,5.04
2011-2-9,7.63
2011-2-10,7.48
2011-2-11,7.76
2011-2-12,7.6
2011-2-13,11.87
2011-2-14,7.01
2011-2-15,10.88
2011-2-16,11.67
2011-2-17,8.28
2011-2-18,6.87
2011-2-19,8.91
2011-2-20,10.68
2011-2-21,7.62
2011-2-22,12.23
2011-2-23,11.1
2011-2-24,6.27
2011-2-25,9.65
2011-2-26,12.3
2011-2-27,8.16
2011-2-28,4.35
2011-3-1,10.25
2011-3-2,9.77
2011-3-3,10.43
2011-3-4,9.17
2011-3-5,9.05
2011-3-6,10.2
2011-3-7,8.93
2011-3-8,7.91
2011-3-9,5.15
2011-3-10,2.62
2011-3-11,6.65
2011-3-12,12.36
2011-3-13,10.09
2011-3-14,9.71
2011-3-15,7.31
2011-3-16,7.52
2011-3-17,7.32
2011-3-18,8.35
2011-3-19,12.3
2011-3-20,6.3
2011-3-21,3.51
2011-3-22,4.46
2011-3-23,10.06
2011-3-24,8.61
2011-3-25,9.31
2011-3-26,9.33
2011-3-27,3.98
2011-3-28,5.61
2011-3-29,7.02
2011-3-30,7.58
2011-3-31,4.31
2011-4-1,4.0
2011-4-2,12.35
2011-4-3,10.55
2011-4-4,5.42
2011-4-5,8.52
2011-4-6,10.01
2011-4-7,7.34
2011-4-8,6.87
2011-4-9,5.28
2011-4-10,8.5
2011-4-11,11.47
2011-4-12,9.83
2011-4-13,8.06
2011-4-14,6.47
2011-4-15,9.06
2011-4-16,8.36
2011-4-17,7.42
2011-4-18,10.1
2011-4-19,8.58
2011-4-20,4.56
2011-4-21,6.82
2011-4-22,7.97
2011-4-23,8.4
2011-4-24,9.02
2011-4-25,6.19
2011-4-26,7.17
2011-4-27,2.96
2011-4-28,6.12
2011-4-29,4.4
2011-4-30,6.88
2011-5-1,3.19
2011-5-2,5.76
2011-5-3,5.01
2011-5-4,4.1
2011-5-5,6.9
2011-5-6,10.38
2011-5-7,4.75
2011-5-8,2.52
2011-5-9,3.3
2011-5-10,8.12
2011-5-11,7.9
2011-5-12,5.04
2011-5-13,8.13
2011-5-14,4.93
2011-5-15,6.23
2011-5-16,4.48
2011-5-17,2.73
2011-5-18,5.66
2011-5-19,5.68
2011-5-20,7.69
2011-5-21,6.79
2011-5-22,2.41
2011-5-23,8.56
2011-5-24,14.27
2011-5-25,6.05
2011-5-26,2.45
2011-5-27,4.53
2011-5-28,5.62
2011-5-29,7.74
2011-5-30,6.61
2011-5-31,4.4
2011-6-1,6.52
2011-6-2,9.37
2011-6-3,5.31
2011-6-4,3.61
2011-6-5,2.79
2011-6-6,2.91
2011-6-7,5.9
2011-6-8,2.81
2011-6-9,3.48
2011-6-10,7.67
2011-6-11,8.39
2011-6-12,5.4
2011-6-13,3.86
2011-6-14,4.86
2011-6-15,6.23
2011-6-16,8.67
2011-6-17,9.12
2011-6-18,8.17
2011-6-19,9.47
2011-6-20,13.69
2011-6-21,12.45
2011-6-22,10.65
2011-6-23,6.31
2011-6-24,4.62
2011-6-25,3.9
2011-6-26,2.66
2011-6-27,2.35
2011-6-28,3.41
2011-6-29,2.43
2011-6-30,6.95
2011-7-1,6.48
2011-7-2,6.3
2011-7-3,4.7
2011-7-4,9.63
2011-7-5,8.39
2011-7-6,6.16
2011-7-7,4.69
2011-7-8,6.67
2011-7-9,2.8
2011-7-10,6.36
2011-7-11,4.87
2011-7-12,4.3
2011-7-13,6.89
2011-7-14,2.75
2011-7-15,6.93
2011-7-16,6.14
2011-7-17,5.63
2011-7-18,8.17
2011-7-19,2.92
2011-7-20,5.29
2011-7-21,7.2
2011-7-22,5.63
2011-7-23,3.62
2011-7-24,9.16
2011-7-25,6.76
2011-7-26,6.02
2011-7-27,1.85
2011-7-28,2.61
2011-7-29,6.1
2011-7-30,9.72
2011-7-31,4.69
2011-8-1,3.39
2011-8-2,4.12
2011-8-3,3.51
2011-8-4,4.65
2011-8-5,5.36
2011-8-6,4.62
2011-8-7,3.99
2011-8-8,4.87
2011-8-9,5.35
2011-8-10,6.25
2011-8-11,7.58
2011-8-12,3.68
2011-8-13,3.52
2011-8-14,6.77
2011-8-15,4.04
2011-8-16,5.38
2011-8-17,6.54
2011-8-18,8.62
2011-8-19,4.91
2011-8-20,7.14
2011-8-21,5.72
2011-8-22,5.96
2011-8-23,8.51
2011-8-24,6.62
2011-8-25,9.71
2011-8-26,9.2
2011-8-27,5.74
2011-8-28,5.99
2011-8-29,12.52
2011-8-30,7.71
2011-8-31,2.6
2011-9-1,4.34
2011-9-2,7.43
2011-9-3,10.09
2011-9-4,3.98
2011-9-5,6.31
2011-9-6,11.56
2011-9-7,6.79
2011-9-8,8.84
2011-9-9,6.44
2011-9-10,7.18
2011-9-11,10.35
2011-9-12,10.19
2011-9-13,5.04
2011-9-14,9.91
2011-9-15,4.95
2011-9-16,11.35
2011-9-17,12.44
2011-9-18,5.81
2011-9-19,6.34
2011-9-20,3.24
2011-9-21,7.24
2011-9-22,5.02
2011-9-23,4.29
2011-9-24,6.39
2011-9-25,8.55
2011-9-26,7.4
2011-9-27,7.12
2011-9-28,7.36
2011-9-29,8.12
2011-9-30,10.17
2011-10-1,7.39
2011-10-2,6.93
2011-10-3,5.21
2011-10-4,7.56
2011-10-5,16.97
2011-10-6,18.45
2011-10-7,8.87
2011-10-8,6.61
2011-10-9,6.55
2011-10-10,8.81
2011-10-11,8.46
2011-10-12,5.06
2011-10-13,8.37
2011-10-14,4.64
2011-10-15,8.24
2011-10-16,8.23
2011-10-17,6.22
2011-10-18,9.29
2011-10-19,6.26
2011-10-20,4.37
2011-10-21,8.27
2011-10-22,4.62
2011-10-23,2.32
2011-10-24,2.18
2011-10-25,5.86
2011-10-26,11.49
2011-10-27,6.71
2011-10-28,4.38
2011-10-29,6.8
2011-10-30,7.92
2011-10-31,9.47
2011-11-1,5.69
2011-11-2,7.22
2011-11-3,8.48
2011-11-4,8.66
2011-11-5,8.04
2011-11-6,9.75
2011-11-7,6.23
2011-11-8,7.04
2011-11-9,5.31
2011-11-10,3.96
2011-11-11,14.11
2011-11-12,14.92
2011-11-13,5.79
2011-11-14,6.68
2011-11-15,6.42
2011-11-16,6.58
2011-11-17,7.68
2011-11-18,9.43
2011-11-19,9.33
2011-11-20,8.02
2011-11-21,9.4
2011-11-22,6.47
2011-11-23,5.43
2011-11-24,4.47
2011-11-25,8.34
2011-11-26,9.55
2011-11-27,5.87
2011-11-28,7.77
2011-11-29,6.37
2011-11-30,9.49
2011-12-1,8.9
2011-12-2,4.21
2011-12-3,5.08
2011-12-4,9.86
2011-12-5,6.96
2011-12-6,5.98
2011-12-7,7.92
2011-12-8,14.31
2011-12-9,13.86
2011-12-10,7.7
2011-12-11,8.11
2011-12-12,6.27
2011-12-13,4.96
2011-12-14,5.3
2011-12-15,7.54
2011-12-16,10.35
2011-12-17,8.24
2011-12-18,3.82
2011-12-19,3.17
2011-12-20,7.69
2011-12-21,7.84
2011-12-22,4.62
2011-12-23,7.13
2011-12-24,7.98
2011-12-25,5.73
2011-12-26,9.55
2011-12-27,11.94
2011-12-28,6.87
2011-12-29,13.61
2011-12-30,10.17
2011-12-31,3.64
2012-1-1,7.88
2012-1-2,8.02
2012-1-3,12.12
2012-1-4,5.51
2012-1-5,9.14
2012-1-6,7.71
2012-1-7,5.21
2012-1-8,7.0
2012-1-9,4.14
2012-1-10,9.21
2012-1-11,10.41
2012-1-12,6.95
2012-1-13,6.19
2012-1-14,11.53
2012-1-15,7.9
2012-1-16,8.42
2012-1-17,7.57
2012-1-18,9.19
2012-1-19,10.92
2012-1-20,5.63
2012-1-21,7.7
2012-1-22,8.38
2012-1-23,8.07
2012-1-24,5.92
2012-1-25,6.51
2012-1-26,7.27
2012-1-27,4.87
2012-1-28,10.6
2012-1-29,5.57
2012-1-30,10.45
2012-1-31,7.04
2012-2-1,5.96
2012-2-2,5.57
2012-2-3,5.63
2012-2-4,9.17
2012-2-5,8.79
2012-2-6,5.26
2012-2-7,5.65
2012-2-8,8.69
2012-2-9,7.42
2012-2-10,5.11
2012-2-11,8.75
2012-2-12,9.52
2012-2-13,10.37
2012-2-14,10.01
2012-2-15,8.27
2012-2-16,5.77
2012-2-17,6.25
2012-2-18,5.48
2012-2-19,11.91
2012-2-20,9.36
2012-2-21,6.95
2012-2-22,6.99
2012-2-23,5.44
2012-2-24,10.91
2012-2-25,10.99
2012-2-26,11.04
2012-2-27,8.09
2012-2-28,5.28
2012-2-29,5.89
2012-3-1,4.81
2012-3-2,4.42
2012-3-3,6.8
2012-3-4,10.97
2012-3-5,9.7
2012-3-6,4.15
2012-3-7,6.34
2012-3-8,11.56
2012-3-9,12.64
2012-3-10,5.12
2012-3-11,4.93
2012-3-12,7.94
2012-3-13,7.9
2012-3-14,4.45
2012-3-15,2.19
2012-3-16,2.37
2012-3-17,6.32
2012-3-18,8.21
2012-3-19,7.97
2012-3-20,7.39
2012-3-21,4.65
2012-3-22,4.47
2012-3-23,11.71
2012-3-24,10.58
2012-3-25,6.04
2012-3-26,7.45
2012-3-27,15.27
2012-3-28,11.52
2012-3-29,9.37
2012-3-30,4.98
2012-3-31,6.07
2012-4-1,4.99
2012-4-2,4.7
2012-4-3,3.21
2012-4-4,9.13
2012-4-5,6.51
2012-4-6,6.74
2012-4-7,4.55
2012-4-8,10.69
2012-4-9,5.7
2012-4-10,6.12
2012-4-11,2.71
2012-4-12,8.94
2012-4-13,8.21
2012-4-14,4.07
2012-4-15,5.02
2012-4-16,9.99
2012-4-17,11.23
2012-4-18,4.63
2012-4-19,6.98
2012-4-20,5.57
2012-4-21,7.38
2012-4-22,12.0
2012-4-23,9.25
2012-4-24,7.96
2012-4-25,5.9
2012-4-26,9.86
2012-4-27,7.06
2012-4-28,13.81
2012-4-29,11.36
2012-4-30,5.14
2012-5-1,3.12
2012-5-2,2.91
2012-5-3,7.26
2012-5-4,4.37
2012-5-5,5.83
2012-5-6,4.2
2012-5-7,3.08
2012-5-8,3.54
2012-5-9,6.56
2012-5-10,4.92
2012-5-11,7.95
2012-5-12,3.41
2012-5-13,2.95
2012-5-14,5.54
2012-5-15,4.2
2012-5-16,6.7
2012-5-17,8.59
2012-5-18,11.52
2012-5-19,10.17
2012-5-20,3.7
2012-5-21,4.99
2012-5-22,6.44
2012-5-23,5.76
2012-5-24,4.27
2012-5-25,10.29
2012-5-26,10.19
2012-5-27,4.76
2012-5-28,4.72
2012-5-29,3.38
2012-5-30,3.57
2012-5-31,3.91
2012-6-1,4.19
2012-6-2,6.99
2012-6-3,7.27
2012-6-4,8.38
2012-6-5,9.66
2012-6-6,10.02
2012-6-7,5.86
2012-6-8,3.62
2012-6-9,5.48
2012-6-10,3.77
2012-6-11,4.5
2012-6-12,9.56
2012-6-13,5.68
2012-6-14,3.39
2012-6-15,8.28
2012-6-16,3.47
2012-6-17,6.68
2012-6-18,8.15
2012-6-19,7.6
2012-6-20,5.85
2012-6-21,2.17
2012-6-22,2.59
2012-6-23,1.83
2012-6-24,1.75
2012-6-25,3.1
2012-6-26,3.6
2012-6-27,8.56
2012-6-28,2.82
2012-6-29,6.66
2012-6-30,7.16
2012-7-1,4.82
2012-7-2,6.6
2012-7-3,5.61
2012-7-4,4.33
2012-7-5,3.19
2012-7-6,3.26
2012-7-7,5.87
2012-7-8,8.75
2012-7-9,9.3
2012-7-10,9.47
2012-7-11,8.05
2012-7-12,10.03
2012-7-13,5.82
2012-7-14,2.37
2012-7-15,3.67
2012-7-16,8.31
2012-7-17,2.32
2012-7-18,4.4
2012-7-19,5.15
2012-7-20,6.48
2012-7-21,6.51
2012-7-22,6.85
2012-7-23,8.01
2012-7-24,9.98
2012-7-25,5.32
2012-7-26,2.71
2012-7-27,5.66
2012-7-28,2.42
2012-7-29,2.61
2012-7-30,4.5
2012-7-31,4.44
2012-8-1,5.63
2012-8-2,2.75
2012-8-3,7.52
2012-8-4,5.71
2012-8-5,5.79
2012-8-6,11.44
2012-8-7,6.58
2012-8-8,4.68
2012-8-9,4.69
2012-8-10,3.74
2012-8-11,3.32
2012-8-12,4.2
2012-8-13,7.06
2012-8-14,9.03
2012-8-15,6.6
2012-8-16,5.67
2012-8-17,6.31
2012-8-18,7.56
2012-8-19,6.27
2012-8-20,4.34
2012-8-21,3.38
2012-8-22,7.09
2012-8-23,5.92
2012-8-24,4.96
2012-8-25,3.8
2012-8-26,8.6
2012-8-27,7.65
2012-8-28,8.75
2012-8-29,6.38
2012-8-30,6.75
2012-8-31,4.73
2012-9-1,10.53
2012-9-2,5.46
2012-9-3,7.82
2012-9-4,6.96
2012-9-5,7.19
2012-9-6,5.48
2012-9-7,4.42
2012-9-8,4.75
2012-9-9,10.83
2012-9-10,3.9
2012-9-11,7.35
2012-9-12,5.71
2012-9-13,9.81
2012-9-14,4.8
2012-9-15,6.05
2012-9-16,7.71
2012-9-17,8.8
2012-9-18,6.26
2012-9-19,12.17
2012-9-20,4.31
2012-9-21,5.76
2012-9-22,7.68
2012-9-23,9.35
2012-9-24,4.66
2012-9-25,8.35
2012-9-26,10.0
2012-9-27,10.57
2012-9-28,8.19
2012-9-29,2.68
2012-9-30,2.0
2012-10-1,5.48
2012-10-2,6.91
2012-10-3,8.06
2012-10-4,6.91
2012-10-5,5.2
2012-10-6,8.75
2012-10-7,11.24
2012-10-8,4.41
2012-10-9,6.83
2012-10-10,3.22
2012-10-11,14.68
2012-10-12,13.5
2012-10-13,10.21
2012-10-14,11.29
2012-10-15,4.79
2012-10-16,7.9
2012-10-17,12.84
2012-10-18,7.17
2012-10-19,2.86
2012-10-20,3.32
2012-10-21,7.84
2012-10-22,6.31
2012-10-23,5.55
2012-10-24,6.19
2012-10-25,8.1
2012-10-26,8.1
2012-10-27,7.03
2012-10-28,8.46
2012-10-29,7.06
2012-10-30,4.54
2012-10-31,3.68
2012-11-1,7.55
2012-11-2,7.16
2012-11-3,4.87
2012-11-4,6.52
2012-11-5,3.09
2012-11-6,7.57
2012-11-7,7.83
2012-11-8,9.82
2012-11-9,8.24
2012-11-10,12.83
2012-11-11,11.49
2012-11-12,6.6
2012-11-13,11.82
2012-11-14,6.63
2012-11-15,6.73
2012-11-16,4.55
2012-11-17,7.27
2012-11-18,7.05
2012-11-19,9.56
2012-11-20,6.1
2012-11-21,5.62
2012-11-22,10.54
2012-11-23,10.24
2012-11-24,7.8
2012-11-25,9.56
2012-11-26,13.54
2012-11-27,7.01
2012-11-28,4.09
2012-11-29,8.16
2012-11-30,11.44
2012-12-1,9.7
2012-12-2,10.01
2012-12-3,8.94
2012-12-4,5.61
2012-12-5,9.89
2012-12-6,9.02
2012-12-7,6.71
2012-12-8,4.72
2012-12-9,10.9
2012-12-10,7.98
2012-12-11,7.65
2012-12-12,7.51
2012-12-13,7.62
2012-12-14,5.97
2012-12-15,9.09
2012-12-16,7.56
2012-12-17,7.82
2012-12-18,4.8
2012-12-19,6.31
2012-12-20,5.2
2012-12-21,3.29
2012-12-22,10.07
2012-12-23,6.4
2012-12-24,15.87
2012-12-25,8.5
2012-12-26,6.68
2012-12-27,4.6
2012-12-28,11.01
2012-12-29,10.95
2012-12-30,12.9
2012-12-31,14.38
2013-1-1,9.8
2013-1-2,7.54
2013-1-3,9.88
2013-1-4,5.68
2013-1-5,7.58
2013-1-6,8.99
2013-1-7,10.36
2013-1-8,8.28
2013-1-9,5.9
2013-1-10,5.99
2013-1-11,10.51
2013-1-12,5.62
2013-1-13,4.54
2013-1-14,8.53
2013-1-15,9.75
2013-1-16,6.38
2013-1-17,10.28
2013-1-18,7.82
2013-1-19,9.17
2013-1-20,7.08
2013-1-21,13.63
2013-1-22,9.54
2013-1-23,10.72
2013-1-24,9.02
2013-1-25,8.26
2013-1-26,7.55
2013-1-27,7.8
2013-1-28,7.06
2013-1-29,5.38
2013-1-30,8.07
2013-1-31,11.76
2013-2-1,16.97
2013-2-2,8.55
2013-2-3,6.23
2013-2-4,12.6
2013-2-5,17.55
2013-2-6,6.72
2013-2-7,6.83
2013-2-8,8.03
2013-2-9,8.25
2013-2-10,12.5
2013-2-11,5.42
2013-2-12,7.9
2013-2-13,11.86
2013-2-14,5.74
2013-2-15,4.97
2013-2-16,2.64
2013-2-17,11.18
2013-2-18,12.59
2013-2-19,10.34
2013-2-20,9.38
2013-2-21,13.48
2013-2-22,10.85
2013-2-23,5.66
2013-2-24,3.89
2013-2-25,6.06
2013-2-26,3.82
2013-2-27,4.11
2013-2-28,7.07
2013-3-1,12.42
2013-3-2,13.22
2013-3-3,14.19
2013-3-4,14.78
2013-3-5,10.54
2013-3-6,5.19
2013-3-7,2.61
2013-3-8,3.8
2013-3-9,1.11
2013-3-10,2.82
2013-3-11,8.48
2013-3-12,7.2
2013-3-13,7.21
2013-3-14,9.58
2013-3-15,4.19
2013-3-16,4.44
2013-3-17,5.19
2013-3-18,7.73
2013-3-19,7.49
2013-3-20,12.21
2013-3-21,6.69
2013-3-22,15.53
2013-3-23,6.06
2013-3-24,6.73
2013-3-25,7.52
2013-3-26,11.26
2013-3-27,11.29
2013-3-28,9.77
2013-3-29,11.72
2013-3-30,8.35
2013-3-31,4.09
2013-4-1,4.35
2013-4-2,8.88
2013-4-3,7.73
2013-4-4,8.16
2013-4-5,5.82
2013-4-6,10.51
2013-4-7,10.57
2013-4-8,4.14
2013-4-9,2.79
2013-4-10,4.74
2013-4-11,7.91
2013-4-12,8.71
2013-4-13,4.92
2013-4-14,4.04
2013-4-15,3.78
2013-4-16,6.24
2013-4-17,12.11
2013-4-18,7.26
2013-4-19,6.43
2013-4-20,11.05
2013-4-21,8.67
2013-4-22,6.02
2013-4-23,8.81
2013-4-24,8.43
2013-4-25,12.81
2013-4-26,6.8
2013-4-27,8.35
2013-4-28,4.38
2013-4-29,2.83
2013-4-30,2.74
2013-5-1,6.87
2013-5-2,5.79
2013-5-3,2.98
2013-5-4,3.12
2013-5-5,5.31
2013-5-6,6.14
2013-5-7,7.92
2013-5-8,5.08
2013-5-9,8.24
2013-5-10,7.14
2013-5-11,9.08
2013-5-12,8.31
2013-5-13,10.83
2013-5-14,6.66
2013-5-15,11.68
2013-5-16,4.02
2013-5-17,10.7
2013-5-18,8.7
2013-5-19,4.44
2013-5-20,3.79
2013-5-21,4.06
2013-5-22,4.79
2013-5-23,3.85
2013-5-24,6.85
2013-5-25,8.41
2013-5-26,9.77
2013-5-27,5.15
2013-5-28,5.46
2013-5-29,8.24
2013-5-30,7.22
2013-5-31,6.45
2013-6-1,6.24
2013-6-2,6.14
2013-6-3,6.99
2013-6-4,5.56
2013-6-5,8.09
2013-6-6,9.82
2013-6-7,6.63
2013-6-8,3.51
2013-6-9,4.46
2013-6-10,4.78
2013-6-11,2.44
2013-6-12,1.86
2013-6-13,5.74
2013-6-14,5.19
2013-6-15,4.89
2013-6-16,8.69
2013-6-17,4.58
2013-6-18,4.76
2013-6-19,5.16
2013-6-20,6.06
2013-6-21,7.56
2013-6-22,7.05
2013-6-23,7.16
2013-6-24,6.99
2013-6-25,7.05
2013-6-26,6.27
2013-6-27,5.93
2013-6-28,1.86
2013-6-29,3.5
2013-6-30,10.25
2013-7-1,8.99
2013-7-2,6.83
2013-7-3,8.62
2013-7-4,8.37
2013-7-5,6.63
2013-7-6,5.08
2013-7-7,5.27
2013-7-8,4.04
2013-7-9,4.51
2013-7-10,4.93
2013-7-11,10.06
2013-7-12,5.74
2013-7-13,7.06
2013-7-14,5.89
2013-7-15,7.35
2013-7-16,5.68
2013-7-17,6.55
2013-7-18,6.27
2013-7-19,5.62
2013-7-20,8.04
2013-7-21,6.94
2013-7-22,8.72
2013-7-23,8.01
2013-7-24,7.21
2013-7-25,6.75
2013-7-26,4.93
2013-7-27,8.98
2013-7-28,6.15
2013-7-29,1.84
2013-7-30,2.97
2013-7-31,6.43
2013-8-1,5.85
2013-8-2,3.89
2013-8-3,3.64
2013-8-4,3.97
2013-8-5,3.82
2013-8-6,3.01
2013-8-7,3.25
2013-8-8,4.5
2013-8-9,7.06
2013-8-10,11.4
2013-8-11,11.09
2013-8-12,8.67
2013-8-13,5.23
2013-8-14,5.12
2013-8-15,9.91
2013-8-16,5.17
2013-8-17,2.1
2013-8-18,7.22
2013-8-19,7.5
2013-8-20,5.25
2013-8-21,9.28
2013-8-22,10.73
2013-8-23,4.24
2013-8-24,4.41
2013-8-25,4.41
2013-8-26,5.01
2013-8-27,6.43
2013-8-28,8.01
2013-8-29,5.7
2013-8-30,4.43
2013-8-31,4.92
2013-9-1,6.23
2013-9-2,7.67
2013-9-3,7.71
2013-9-4,9.5
2013-9-5,7.62
2013-9-6,10.08
2013-9-7,10.38
2013-9-8,4.52
2013-9-9,12.07
2013-9-10,6.91
2013-9-11,7.13
2013-9-12,3.8
2013-9-13,6.29
2013-9-14,11.06
2013-9-15,8.01
2013-9-16,6.72
2013-9-17,7.18
2013-9-18,9.36
2013-9-19,5.35
2013-9-20,4.84
2013-9-21,7.35
2013-9-22,11.0
2013-9-23,9.54
2013-9-24,10.82
2013-9-25,10.56
2013-9-26,10.62
2013-9-27,5.57
2013-9-28,6.32
2013-9-29,6.21
2013-9-30,6.04
2013-10-1,2.14
2013-10-2,2.71
2013-10-3,8.81
2013-10-4,12.5
2013-10-5,3.56
2013-10-6,4.85
2013-10-7,5.86
2013-10-8,12.73
2013-10-9,6.6
2013-10-10,7.06
2013-10-11,5.7
2013-10-12,4.82
2013-10-13,4.8
2013-10-14,5.08
2013-10-15,6.98
2013-10-16,3.0
2013-10-17,5.13
2013-10-18,4.01
2013-10-19,6.12
2013-10-20,5.07
2013-10-21,8.87
2013-10-22,4.15
2013-10-23,7.18
2013-10-24,5.17
2013-10-25,7.33
2013-10-26,5.57
2013-10-27,4.9
2013-10-28,7.47
2013-10-29,9.16
2013-10-30,5.7
2013-10-31,6.95
2013-11-1,10.53
2013-11-2,11.96
2013-11-3,7.62
2013-11-4,7.36
2013-11-5,6.86
2013-11-6,6.38
2013-11-7,7.55
2013-11-8,6.08
2013-11-9,7.45
2013-11-10,3.85
2013-11-11,5.89
2013-11-12,6.26
2013-11-13,9.9
2013-11-14,6.01
2013-11-15,7.19
2013-11-16,3.24
2013-11-17,2.68
2013-11-18,7.64
2013-11-19,7.42
2013-11-20,10.55
2013-11-21,13.83
2013-11-22,7.99
2013-11-23,3.88
2013-11-24,13.71
2013-11-25,10.77
2013-11-26,7.13
2013-11-27,5.82
2013-11-28,18.6
2013-11-29,9.39
2013-11-30,7.37
2013-12-1,6.2
2013-12-2,4.46
2013-12-3,6.29
2013-12-4,17.12
2013-12-5,8.89
2013-12-6,9.2
2013-12-7,10.1
2013-12-8,10.85
2013-12-9,6.07
2013-12-10,5.08
2013-12-11,8.98
2013-12-12,10.04
2013-12-13,10.84
2013-12-14,9.81
2013-12-15,6.38
2013-12-16,9.0
2013-12-17,7.42
2013-12-18,5.41
2013-12-19,10.09
2013-12-20,8.32
2013-12-21,4.41
2013-12-22,8.05
2013-12-23,6.22
2013-12-24,6.24
2013-12-25,7.02
2013-12-26,5.08
2013-12-27,3.81
2013-12-28,7.8
2013-12-29,8.4
2013-12-30,4.79
2013-12-31,7.32
2014-1-1,7.52
2014-1-2,9.21
2014-1-3,7.01
2014-1-4,8.72
2014-1-5,6.57
2014-1-6,6.54
2014-1-7,14.48
2014-1-8,14.01
2014-1-9,9.89
2014-1-10,9.15
2014-1-11,6.04
2014-1-12,7.13
2014-1-13,7.73
2014-1-14,8.07
2014-1-15,5.49
2014-1-16,3.1
2014-1-17,7.12
2014-1-18,6.92
2014-1-19,4.4
2014-1-20,11.6
2014-1-21,13.6
2014-1-22,8.52
2014-1-23,9.65
2014-1-24,5.28
2014-1-25,8.89
2014-1-26,14.88
2014-1-27,13.06
2014-1-28,13.09
2014-1-29,9.46
2014-1-30,9.0
2014-1-31,12.2
2014-2-1,7.72
2014-2-2,4.79
2014-2-3,5.77
2014-2-4,5.3
2014-2-5,6.26
2014-2-6,7.84
2014-2-7,6.65
2014-2-8,7.69
2014-2-9,7.97
2014-2-10,6.96
2014-2-11,5.57
2014-2-12,4.82
2014-2-13,10.27
2014-2-14,12.74
2014-2-15,9.85
2014-2-16,15.45
2014-2-17,11.85
2014-2-18,7.54
2014-2-19,3.57
2014-2-20,6.21
2014-2-21,6.18
2014-2-22,6.93
2014-2-23,7.44
2014-2-24,6.21
2014-2-25,6.68
2014-2-26,4.81
2014-2-27,4.64
2014-2-28,7.72
2014-3-1,7.48
2014-3-2,6.7
2014-3-3,3.93
2014-3-4,9.61
2014-3-5,8.46
2014-3-6,7.09
2014-3-7,8.09
2014-3-8,4.68
2014-3-9,6.45
2014-3-10,4.39
2014-3-11,3.65
2014-3-12,8.5
2014-3-13,10.34
2014-3-14,6.29
2014-3-15,4.91
2014-3-16,10.38
2014-3-17,14.61
2014-3-18,6.62
2014-3-19,4.57
2014-3-20,4.43
2014-3-21,8.55
2014-3-22,6.29
2014-3-23,4.1
2014-3-24,4.68
2014-3-25,7.13
2014-3-26,7.68
2014-3-27,12.64
2014-3-28,7.1
2014-3-29,4.41
2014-3-30,6.02
2014-3-31,7.73
2014-4-1,8.32
2014-4-2,7.84
2014-4-3,3.38
2014-4-4,3.45
2014-4-5,5.45
2014-4-6,6.82
2014-4-7,7.37
2014-4-8,5.02
2014-4-9,9.03
2014-4-10,8.41
2014-4-11,11.18
2014-4-12,3.92
2014-4-13,5.5
2014-4-14,5.06
2014-4-15,10.51
2014-4-16,14.48
2014-4-17,7.44
2014-4-18,6.16
2014-4-19,3.76
2014-4-20,7.23
2014-4-21,3.47
2014-4-22,4.43
2014-4-23,9.04
2014-4-24,11.78
2014-4-25,10.03
2014-4-26,7.99
2014-4-27,10.55
2014-4-28,10.38
2014-4-29,8.65
2014-4-30,5.15
2014-5-1,4.51
2014-5-2,4.53
2014-5-3,2.7
2014-5-4,2.58
2014-5-5,6.18
2014-5-6,7.79
2014-5-7,3.85
2014-5-8,2.26
2014-5-9,5.19
2014-5-10,6.7
2014-5-11,7.69
2014-5-12,4.97
2014-5-13,5.47
2014-5-14,4.56
2014-5-15,7.98
2014-5-16,5.0
2014-5-17,1.48
2014-5-18,1.86
2014-5-19,4.17
2014-5-20,7.26
2014-5-21,2.81
2014-5-22,8.72
2014-5-23,10.42
2014-5-24,8.66
2014-5-25,6.88
2014-5-26,7.85
2014-5-27,8.1
2014-5-28,4.31
2014-5-29,3.42
2014-5-30,6.39
2014-5-31,3.72
2014-6-1,5.51
2014-6-2,9.04
2014-6-3,3.7
2014-6-4,3.44
2014-6-5,4.15
2014-6-6,6.02
2014-6-7,9.96
2014-6-8,7.3
2014-6-9,3.52
2014-6-10,2.48
2014-6-11,5.32
2014-6-12,2.23
2014-6-13,5.54
2014-6-14,5.33
2014-6-15,3.8
2014-6-16,5.46
2014-6-17,4.7
2014-6-18,6.74
2014-6-19,6.26
2014-6-20,6.14
2014-6-21,5.78
2014-6-22,4.97
2014-6-23,6.41
2014-6-24,10.13
2014-6-25,5.34
2014-6-26,3.42
2014-6-27,2.76
2014-6-28,4.33
2014-6-29,6.51
2014-6-30,7.4
2014-7-1,6.22
2014-7-2,9.73
2014-7-3,9.66
2014-7-4,8.24
2014-7-5,6.63
2014-7-6,6.43
2014-7-7,7.36
2014-7-8,5.82
2014-7-9,6.77
2014-7-10,9.29
2014-7-11,7.1
2014-7-12,7.72
2014-7-13,8.23
2014-7-14,9.49
2014-7-15,8.59
2014-7-16,4.42
2014-7-17,9.34
2014-7-18,8.0
2014-7-19,4.08
2014-7-20,6.58
2014-7-21,7.15
2014-7-22,8.5
2014-7-23,8.55
2014-7-24,5.88
2014-7-25,4.43
2014-7-26,7.26
2014-7-27,8.25
2014-7-28,8.4
2014-7-29,9.45
2014-7-30,7.84
2014-7-31,3.33
2014-8-1,8.72
2014-8-2,7.65
2014-8-3,6.19
2014-8-4,2.46
2014-8-5,2.41
2014-8-6,4.23
2014-8-7,5.84
2014-8-8,11.48
2014-8-9,11.35
2014-8-10,7.96
2014-8-11,4.76
2014-8-12,2.58
2014-8-13,2.04
2014-8-14,3.73
2014-8-15,4.87
2014-8-16,4.05
2014-8-17,4.32
2014-8-18,4.69
2014-8-19,10.56
2014-8-20,8.7
2014-8-21,8.18
2014-8-22,5.72
2014-8-23,3.49
2014-8-24,5.5
2014-8-25,5.66
2014-8-26,7.0
2014-8-27,8.73
2014-8-28,9.0
2014-8-29,5.95
2014-8-30,9.69
2014-8-31,6.59
2014-9-1,3.4
2014-9-2,4.9
2014-9-3,10.48
2014-9-4,6.46
2014-9-5,5.5
2014-9-6,11.03
2014-9-7,7.44
2014-9-8,7.5
2014-9-9,6.38
2014-9-10,8.85
2014-9-11,4.35
2014-9-12,13.15
2014-9-13,5.89
2014-9-14,4.06
2014-9-15,5.83
2014-9-16,7.33
2014-9-17,8.63
2014-9-18,4.83
2014-9-19,8.12
2014-9-20,12.67
2014-9-21,10.44
2014-9-22,11.53
2014-9-23,9.87
2014-9-24,8.88
2014-9-25,10.47
2014-9-26,5.81
2014-9-27,8.11
2014-9-28,9.14
2014-9-29,6.79
2014-9-30,6.93
2014-10-1,4.27
2014-10-2,2.48
2014-10-3,4.18
2014-10-4,2.19
2014-10-5,5.23
2014-10-6,6.25
2014-10-7,4.09
2014-10-8,4.9
2014-10-9,8.58
2014-10-10,9.89
2014-10-11,3.86
2014-10-12,4.44
2014-10-13,5.58
2014-10-14,5.23
2014-10-15,9.21
2014-10-16,5.21
2014-10-17,7.97
2014-10-18,8.47
2014-10-19,5.54
2014-10-20,11.98
2014-10-21,6.63
2014-10-22,4.13
2014-10-23,4.01
2014-10-24,8.99
2014-10-25,13.9
2014-10-26,11.58
2014-10-27,15.4
2014-10-28,10.1
2014-10-29,4.52
2014-10-30,7.51
2014-10-31,5.98
2014-11-1,5.69
2014-11-2,13.13
2014-11-3,7.12
2014-11-4,9.24
2014-11-5,6.43
2014-11-6,8.44
2014-11-7,6.98
2014-11-8,10.56
2014-11-9,8.36
2014-11-10,6.19
2014-11-11,9.37
2014-11-12,4.56
2014-11-13,8.68
2014-11-14,5.3
2014-11-15,8.74
2014-11-16,7.8
2014-11-17,2.93
2014-11-18,12.06
2014-11-19,16.19
2014-11-20,8.17
2014-11-21,6.54
2014-11-22,10.94
2014-11-23,9.53
2014-11-24,7.15
2014-11-25,14.5
2014-11-26,9.15
2014-11-27,10.04
2014-11-28,6.82
2014-11-29,6.13
2014-11-30,9.46
2014-12-1,10.72
2014-12-2,7.07
2014-12-3,8.72
2014-12-4,14.32
2014-12-5,8.81
2014-12-6,8.9
2014-12-7,8.71
2014-12-8,8.7
2014-12-9,7.22
2014-12-10,7.79
2014-12-11,11.63
2014-12-12,4.66
2014-12-13,4.69
2014-12-14,3.41
2014-12-15,8.03
2014-12-16,4.82
2014-12-17,5.49
2014-12-18,7.57
2014-12-19,10.94
2014-12-20,4.95
2014-12-21,4.76
2014-12-22,3.13
2014-12-23,4.97
2014-12-24,3.27
2014-12-25,11.32
2014-12-26,12.46
2014-12-27,10.63
2014-12-28,5.22
2014-12-29,7.14
2014-12-30,9.33
2014-12-31,7.87
2015-1-1,7.1
2015-1-2,8.13
2015-1-3,9.48
2015-1-4,6.19
2015-1-5,9.55
2015-1-6,9.85
2015-1-7,6.49
2015-1-8,6.79
2015-1-9,10.24
2015-1-10,9.67
2015-1-11,8.87
2015-1-12,4.05
2015-1-13,8.26
2015-1-14,8.56
2015-1-15,5.77
2015-1-16,6.43
2015-1-17,10.68
2015-1-18,9.58
2015-1-19,9.33
2015-1-20,10.57
2015-1-21,7.74
2015-1-22,3.67
2015-1-23,6.39
2015-1-24,4.19
2015-1-25,10.72
2015-1-26,9.28
2015-1-27,8.82
2015-1-28,10.87
2015-1-29,6.4
2015-1-30,5.06
2015-1-31,6.96
2015-2-1,4.61
2015-2-2,8.93
2015-2-3,11.77
2015-2-4,6.0
2015-2-5,7.38
2015-2-6,10.86
2015-2-7,4.13
2015-2-8,6.05
2015-2-9,5.01
2015-2-10,2.79
2015-2-11,7.28
2015-2-12,9.49
2015-2-13,8.73
2015-2-14,5.6
2015-2-15,9.59
2015-2-16,13.73
2015-2-17,10.67
2015-2-18,4.34
2015-2-19,6.93
2015-2-20,14.52
2015-2-21,12.5
2015-2-22,4.89
2015-2-23,4.45
2015-2-24,8.8
2015-2-25,8.04
2015-2-26,8.26
2015-2-27,5.97
2015-2-28,8.66
2015-3-1,7.84
2015-3-2,7.28
2015-3-3,11.88
2015-3-4,4.8
2015-3-5,8.6
2015-3-6,8.58
2015-3-7,9.55
2015-3-8,7.82
2015-3-9,5.83
2015-3-10,4.95
2015-3-11,6.92
2015-3-12,11.26
2015-3-13,8.98
2015-3-14,6.8
2015-3-15,6.15
2015-3-16,11.99
2015-3-17,7.44
2015-3-18,10.49
2015-3-19,14.82
2015-3-20,8.36
2015-3-21,6.2
2015-3-22,11.96
2015-3-23,14.79
2015-3-24,6.23
2015-3-25,4.58
2015-3-26,8.5
2015-3-27,2.38
2015-3-28,5.85
2015-3-29,6.35
2015-3-30,8.3
2015-3-31,4.87
2015-4-1,6.78
2015-4-2,6.27
2015-4-3,3.6
2015-4-4,5.46
2015-4-5,11.84
2015-4-6,7.98
2015-4-7,5.27
2015-4-8,7.3
2015-4-9,5.43
2015-4-10,6.95
2015-4-11,8.76
2015-4-12,7.08
2015-4-13,7.22
2015-4-14,11.24
2015-4-15,8.96
2015-4-16,6.21
2015-4-17,5.61
2015-4-18,7.14
2015-4-19,3.72
2015-4-20,1.83
2015-4-21,2.99
2015-4-22,5.61
2015-4-23,5.26
2015-4-24,9.08
2015-4-25,11.55
2015-4-26,10.54
2015-4-27,11.98
2015-4-28,16.4
2015-4-29,13.96
2015-4-30,10.36
2015-5-1,4.77
2015-5-2,3.04
2015-5-3,4.38
2015-5-4,5.47
2015-5-5,10.5
2015-5-6,6.38
2015-5-7,6.09
2015-5-8,7.72
2015-5-9,6.44
2015-5-10,4.42
2015-5-11,5.35
2015-5-12,3.86
2015-5-13,6.39
2015-5-14,8.54
2015-5-15,4.48
2015-5-16,4.57
2015-5-17,3.04
2015-5-18,3.88
2015-5-19,5.2
2015-5-20,6.55
2015-5-21,8.37
2015-5-22,3.04
2015-5-23,4.55
2015-5-24,7.92
2015-5-25,6.89
2015-5-26,3.31
2015-5-27,2.91
2015-5-28,7.95
2015-5-29,4.37
2015-5-30,8.94
2015-5-31,9.58
2015-6-1,4.28
2015-6-2,5.37
2015-6-3,2.7
2015-6-4,4.41
2015-6-5,9.09
2015-6-6,7.21
2015-6-7,4.33
2015-6-8,5.43
2015-6-9,5.48
2015-6-10,9.49
2015-6-11,6.5
2015-6-12,1.88
2015-6-13,5.91
2015-6-14,10.29
2015-6-15,6.53
2015-6-16,10.39
2015-6-17,7.72
2015-6-18,8.0
2015-6-19,9.36
2015-6-20,5.92
2015-6-21,6.0
2015-6-22,4.45
2015-6-23,5.35
2015-6-24,7.67
2015-6-25,8.9
2015-6-26,3.95
2015-6-27,4.9
2015-6-28,7.93
2015-6-29,4.79
2015-6-30,4.15
2015-7-1,5.47
2015-7-2,5.57
2015-7-3,6.57
2015-7-4,3.99
2015-7-5,3.45
2015-7-6,5.88
2015-7-7,4.44
2015-7-8,9.79
2015-7-9,8.02
2015-7-10,5.87
2015-7-11,6.12
2015-7-12,5.76
2015-7-13,5.0
2015-7-14,4.83
2015-7-15,6.2
2015-7-16,5.74
2015-7-17,8.1
2015-7-18,5.63
2015-7-19,5.6
2015-7-20,7.26
2015-7-21,6.08
2015-7-22,8.73
2015-7-23,10.86
2015-7-24,6.5
2015-7-25,3.15
2015-7-26,4.23
2015-7-27,8.07
2015-7-28,5.91
2015-7-29,4.44
2015-7-30,2.98
2015-7-31,6.5
2015-8-1,5.76
2015-8-2,7.34
2015-8-3,5.87
2015-8-4,4.79
2015-8-5,7.74
2015-8-6,6.13
2015-8-7,5.59
2015-8-8,2.0
2015-8-9,2.39
2015-8-10,5.34
2015-8-11,8.01
2015-8-12,6.13
2015-8-13,6.8
2015-8-14,8.79
2015-8-15,8.44
2015-8-16,7.74
2015-8-17,6.13
2015-8-18,5.64
2015-8-19,4.79
2015-8-20,6.6
2015-8-21,10.18
2015-8-22,9.7
2015-8-23,4.3
2015-8-24,2.77
2015-8-25,5.45
2015-8-26,4.0
2015-8-27,7.72
2015-8-28,4.11
2015-8-29,5.33
2015-8-30,2.77
2015-8-31,7.96
2015-9-1,9.51
2015-9-2,4.21
2015-9-3,7.53
2015-9-4,6.45
2015-9-5,8.53
2015-9-6,5.47
2015-9-7,6.95
2015-9-8,4.51
2015-9-9,4.85
2015-9-10,7.06
2015-9-11,4.12
2015-9-12,8.47
2015-9-13,4.61
2015-9-14,5.99
2015-9-15,5.76
2015-9-16,8.45
2015-9-17,4.88
2015-9-18,5.99
2015-9-19,7.7
2015-9-20,11.32
2015-9-21,6.98
2015-9-22,4.9
2015-9-23,8.09
2015-9-24,8.07
2015-9-25,9.67
2015-9-26,7.97
2015-9-27,8.51
2015-9-28,9.79
2015-9-29,9.32
2015-9-30,7.42
2015-10-1,13.81
2015-10-2,10.63
2015-10-3,4.65
2015-10-4,4.45
2015-10-5,6.1
2015-10-6,4.11
2015-10-7,5.57
2015-10-8,8.84
2015-10-9,6.58
2015-10-10,10.39
2015-10-11,9.45
2015-10-12,5.05
2015-10-13,5.22
2015-10-14,10.35
2015-10-15,8.88
2015-10-16,6.47
2015-10-17,8.64
2015-10-18,7.57
2015-10-19,6.16
2015-10-20,10.2
2015-10-21,10.93
2015-10-22,5.41
2015-10-23,9.91
2015-10-24,6.76
2015-10-25,12.1
2015-10-26,7.44
2015-10-27,8.86
2015-10-28,9.83
2015-10-29,8.04
2015-10-30,15.69
2015-10-31,13.12
2015-11-1,4.36
2015-11-2,8.94
2015-11-3,3.82
2015-11-4,6.38
2015-11-5,6.78
2015-11-6,7.26
2015-11-7,14.57
2015-11-8,14.83
2015-11-9,8.21
2015-11-10,8.21
2015-11-11,3.54
2015-11-12,1.65
2015-11-13,7.48
2015-11-14,13.46
2015-11-15,9.7
2015-11-16,8.32
2015-11-17,7.21
2015-11-18,4.5
2015-11-19,4.51
2015-11-20,6.87
2015-11-21,6.47
2015-11-22,6.97
2015-11-23,12.1
2015-11-24,9.15
2015-11-25,7.15
2015-11-26,11.57
2015-11-27,9.65
2015-11-28,6.14
2015-11-29,8.05
2015-11-30,8.01
2015-12-1,9.53
2015-12-2,8.94
2015-12-3,8.92
2015-12-4,6.17
2015-12-5,8.11
2015-12-6,7.02
2015-12-7,6.24
2015-12-8,6.43
2015-12-9,2.93
2015-12-10,7.01
2015-12-11,7.72
2015-12-12,6.8
2015-12-13,9.74
2015-12-14,9.03
2015-12-15,8.82
2015-12-16,8.57
2015-12-17,4.38
2015-12-18,5.8
2015-12-19,8.93
2015-12-20,11.44
2015-12-21,7.12
2015-12-22,5.61
2015-12-23,4.08
2015-12-24,7.48
2015-12-25,11.89
2015-12-26,9.68
2015-12-27,8.49
2015-12-28,10.59
2015-12-29,9.45
2015-12-30,6.07
2015-12-31,5.54
2016-1-1,5.48
2016-1-2,7.05
2016-1-3,6.85
2016-1-4,6.31
2016-1-5,7.49
2016-1-6,8.14
2016-1-7,7.83
2016-1-8,6.6
2016-1-9,2.77
2016-1-10,2.9
2016-1-11,9.24
2016-1-12,11.01
2016-1-13,11.78
2016-1-14,11.45
2016-1-15,9.17
2016-1-16,7.16
2016-1-17,7.19
2016-1-18,5.82
2016-1-19,5.3
2016-1-20,11.46
2016-1-21,8.85
2016-1-22,9.78
2016-1-23,6.84
2016-1-24,3.98
2016-1-25,6.94
2016-1-26,10.21
2016-1-27,6.99
2016-1-28,5.69
2016-1-29,6.45
2016-1-30,9.63
2016-1-31,5.59
2016-2-1,8.93
2016-2-2,9.42
2016-2-3,6.81
2016-2-4,5.86
2016-2-5,5.62
2016-2-6,8.79
2016-2-7,6.22
2016-2-8,7.84
2016-2-9,14.24
2016-2-10,8.47
2016-2-11,6.66
2016-2-12,7.57
2016-2-13,6.23
2016-2-14,7.9
2016-2-15,10.69
2016-2-16,9.55
2016-2-17,12.23
2016-2-18,5.92
2016-2-19,4.69
2016-2-20,5.09
2016-2-21,8.53
2016-2-22,6.77
2016-2-23,7.42
2016-2-24,6.49
2016-2-25,7.74
2016-2-26,14.34
2016-2-27,9.55
2016-2-28,14.6
2016-2-29,5.01
2016-3-1,7.82
2016-3-2,6.92
2016-3-3,12.18
2016-3-4,13.7
2016-3-5,6.27
2016-3-6,7.85
2016-3-7,8.07
2016-3-8,9.76
2016-3-9,6.37
2016-3-10,6.64
2016-3-11,6.24
2016-3-12,5.97
2016-3-13,8.87
2016-3-14,5.04
2016-3-15,5.75
2016-3-16,7.37
2016-3-17,5.05
2016-3-18,3.34
2016-3-19,6.46
2016-3-20,8.97
2016-3-21,4.65
2016-3-22,13.43
2016-3-23,15.44
2016-3-24,10.95
2016-3-25,3.88
2016-3-26,5.97
2016-3-27,4.31
2016-3-28,6.1
2016-3-29,13.89
2016-3-30,8.98
2016-3-31,6.49
2016-4-1,6.19
2016-4-2,5.91
2016-4-3,7.83
2016-4-4,11.75
2016-4-5,9.68
2016-4-6,9.51
2016-4-7,8.9
2016-4-8,12.23
2016-4-9,7.86
2016-4-10,6.93
2016-4-11,6.66
2016-4-12,8.31
2016-4-13,8.72
2016-4-14,3.49
2016-4-15,8.31
2016-4-16,4.85
2016-4-17,8.64
2016-4-18,5.52
2016-4-19,2.41
2016-4-20,8.63
2016-4-21,10.08
2016-4-22,8.77
2016-4-23,4.97
2016-4-24,4.54
2016-4-25,7.41
2016-4-26,7.49
2016-4-27,3.59
2016-4-28,5.07
2016-4-29,12.33
2016-4-30,7.29
2016-5-1,3.5
2016-5-2,3.29
2016-5-3,3.65
2016-5-4,4.81
2016-5-5,4.53
2016-5-6,6.51
2016-5-7,3.16
2016-5-8,3.6
2016-5-9,7.77
2016-5-10,6.02
2016-5-11,5.44
2016-5-12,5.82
2016-5-13,6.51
2016-5-14,3.82
2016-5-15,5.19
2016-5-16,6.98
2016-5-17,5.24
2016-5-18,5.17
2016-5-19,6.42
2016-5-20,7.85
2016-5-21,4.35
2016-5-22,3.26
2016-5-23,7.0
2016-5-24,6.63
2016-5-25,5.5
2016-5-26,8.36
2016-5-27,2.77
2016-5-28,4.83
2016-5-29,3.64
2016-5-30,7.94
2016-5-31,6.21
2016-6-1,6.88
2016-6-2,4.58
2016-6-3,1.72
2016-6-4,2.66
2016-6-5,2.16
2016-6-6,5.61
2016-6-7,5.86
2016-6-8,8.58
2016-6-9,10.63
2016-6-10,6.52
2016-6-11,4.76
2016-6-12,6.4
2016-6-13,12.24
2016-6-14,8.41
2016-6-15,6.74
2016-6-16,7.33
2016-6-17,7.84
2016-6-18,5.54
2016-6-19,7.63
2016-6-20,8.91
2016-6-21,9.78
2016-6-22,7.77
2016-6-23,5.02
2016-6-24,7.08
2016-6-25,8.26
2016-6-26,7.29
2016-6-27,9.46
2016-6-28,10.99
2016-6-29,6.09
2016-6-30,4.64
2016-7-1,2.61
2016-7-2,6.05
2016-7-3,6.6
2016-7-4,5.63
2016-7-5,3.87
2016-7-6,8.02
2016-7-7,4.45
2016-7-8,5.26
2016-7-9,6.1
2016-7-10,4.01
2016-7-11,6.57
2016-7-12,4.48
2016-7-13,4.11
2016-7-14,10.38
2016-7-15,11.22
2016-7-16,5.54
2016-7-17,3.98
2016-7-18,5.26
2016-7-19,9.44
2016-7-20,7.61
2016-7-21,5.85
2016-7-22,8.55
2016-7-23,7.02
2016-7-24,5.22
2016-7-25,3.58
2016-7-26,4.62
2016-7-27,3.85
2016-7-28,3.57
2016-7-29,4.96
2016-7-30,4.52
2016-7-31,4.08
2016-8-1,5.22
2016-8-2,3.83
2016-8-3,3.17
2016-8-4,6.34
2016-8-5,6.11
2016-8-6,8.53
2016-8-7,8.63
2016-8-8,6.09
2016-8-9,4.84
2016-8-10,6.68
2016-8-11,7.36
2016-8-12,7.66
2016-8-13,5.87
2016-8-14,3.34
2016-8-15,3.9
2016-8-16,4.73
2016-8-17,3.32
2016-8-18,2.74
2016-8-19,6.81
2016-8-20,5.34
2016-8-21,8.87
2016-8-22,8.31
2016-8-23,9.16
2016-8-24,7.58
2016-8-25,7.86
2016-8-26,3.09
2016-8-27,5.98
2016-8-28,4.15
2016-8-29,7.31
2016-8-30,9.25
2016-8-31,5.16
2016-9-1,4.19
2016-9-2,3.97
2016-9-3,5.36
2016-9-4,5.85
2016-9-5,9.27
2016-9-6,8.45
2016-9-7,7.62
2016-9-8,9.11
2016-9-9,10.48
2016-9-10,5.34
2016-9-11,9.46
2016-9-12,13.27
2016-9-13,6.59
2016-9-14,7.27
2016-9-15,7.18
2016-9-16,7.96
2016-9-17,5.49
2016-9-18,9.41
2016-9-19,8.12
2016-9-20,3.82
2016-9-21,7.93
2016-9-22,6.67
2016-9-23,3.84
2016-9-24,4.72
2016-9-25,6.74
2016-9-26,7.16
2016-9-27,6.52
2016-9-28,2.99
2016-9-29,3.12
2016-9-30,5.84
2016-10-1,7.32
2016-10-2,6.09
2016-10-3,8.97
2016-10-4,7.78
2016-10-5,7.6
2016-10-6,5.88
2016-10-7,6.26
2016-10-8,6.62
2016-10-9,10.67
2016-10-10,11.75
2016-10-11,7.81
2016-10-12,6.72
2016-10-13,9.45
2016-10-14,9.55
2016-10-15,4.95
2016-10-16,9.19
2016-10-17,5.41
2016-10-18,8.11
2016-10-19,11.79
2016-10-20,6.03
2016-10-21,4.18
2016-10-22,11.08
2016-10-23,7.69
2016-10-24,7.77
2016-10-25,8.52
2016-10-26,6.32
2016-10-27,4.79
2016-10-28,4.28
2016-10-29,4.61
2016-10-30,9.69
2016-10-31,7.43
2016-11-1,7.7
2016-11-2,4.89
2016-11-3,4.94
2016-11-4,3.7
2016-11-5,5.65
2016-11-6,4.67
2016-11-7,8.32
2016-11-8,8.65
2016-11-9,5.85
2016-11-10,7.13
2016-11-11,8.09
2016-11-12,11.57
2016-11-13,9.94
2016-11-14,7.25
2016-11-15,4.14
2016-11-16,8.43
2016-11-17,6.72
2016-11-18,3.94
2016-11-19,8.03
2016-11-20,6.99
2016-11-21,3.45
2016-11-22,3.51
2016-11-23,7.78
2016-11-24,9.16
2016-11-25,6.32
2016-11-26,4.14
2016-11-27,8.92
2016-11-28,15.06
2016-11-29,11.19
2016-11-30,6.41
2016-12-1,5.72
2016-12-2,12.86
2016-12-3,10.45
2016-12-4,7.27
2016-12-5,5.94
2016-12-6,7.43
2016-12-7,6.1
2016-12-8,1.89
2016-12-9,6.98
2016-12-10,9.02
2016-12-11,9.25
2016-12-12,6.38
2016-12-13,6.44
2016-12-14,8.54
2016-12-15,7.6
2016-12-16,17.62
2016-12-17,11.59
2016-12-18,6.46
2016-12-19,11.85
2016-12-20,9.5
2016-12-21,9.45
2016-12-22,4.79
2016-12-23,5.01
2016-12-24,3.48
2016-12-25,10.94
2016-12-26,8.38
2016-12-27,6.5
2016-12-28,8.58
2016-12-29,4.32
2016-12-30,13.75
2016-12-31,9.35
2017-1-1,6.85
2017-1-2,6.93
2017-1-3,6.74
2017-1-4,10.1
2017-1-5,12.57
2017-1-6,13.87
2017-1-7,7.37
2017-1-8,8.55
2017-1-9,7.62
2017-1-10,7.5
2017-1-11,13.12
2017-1-12,10.86
2017-1-13,8.8
2017-1-14,11.46
2017-1-15,6.11
2017-1-16,6.44
2017-1-17,9.93
2017-1-18,3.75
2017-1-19,5.27
2017-1-20,2.53
2017-1-21,4.31
2017-1-22,8.86
2017-1-23,6.93
2017-1-24,5.49
2017-1-25,10.36
2017-1-26,11.92
2017-1-27,6.71
2017-1-28,12.75
2017-1-29,10.82
2017-1-30,7.62
2017-1-31,6.55
2017-2-1,5.5
2017-2-2,2.81
2017-2-3,6.97
2017-2-4,8.41
2017-2-5,7.7
2017-2-6,7.72
2017-2-7,9.0
2017-2-8,5.8
2017-2-9,7.95
2017-2-10,11.74
2017-2-11,6.17
2017-2-12,3.15
2017-2-13,9.4
2017-2-14,13.03
2017-2-15,9.56
2017-2-16,10.11
2017-2-17,4.42
2017-2-18,6.23
2017-2-19,4.81
2017-2-20,6.45
2017-2-21,4.66
2017-2-22,7.29
2017-2-23,4.72
2017-2-24,4.86
2017-2-25,6.64
2017-2-26,10.46
2017-2-27,9.71
2017-2-28,9.61
2017-3-1,7.61
2017-3-2,13.13
2017-3-3,11.32
2017-3-4,11.39
2017-3-5,15.81
2017-3-6,10.21
2017-3-7,4.94
2017-3-8,5.25
2017-3-9,7.2
2017-3-10,6.46
2017-3-11,7.57
2017-3-12,8.1
2017-3-13,4.7
2017-3-14,3.38
2017-3-15,9.67
2017-3-16,6.66
2017-3-17,5.66
2017-3-18,5.3
2017-3-19,2.55
2017-3-20,5.22
2017-3-21,7.03
2017-3-22,6.03
2017-3-23,11.34
2017-3-24,7.24
2017-3-25,9.09
2017-3-26,8.54
2017-3-27,7.18
2017-3-28,4.62
2017-3-29,5.66
2017-3-30,13.2
2017-3-31,11.37
2017-4-1,5.88
2017-4-2,3.9
2017-4-3,9.28
2017-4-4,8.47
2017-4-5,3.69
2017-4-6,4.15
2017-4-7,6.96
2017-4-8,5.76
2017-4-9,4.25
2017-4-10,5.6
2017-4-11,6.7
2017-4-12,5.74
2017-4-13,5.74
2017-4-14,4.74
2017-4-15,6.09
2017-4-16,6.66
2017-4-17,9.19
2017-4-18,4.43
2017-4-19,3.04
2017-4-20,1.83
2017-4-21,5.78
2017-4-22,6.06
2017-4-23,4.13
2017-4-24,9.41
2017-4-25,7.25
2017-4-26,8.12
2017-4-27,8.33
2017-4-28,6.24
2017-4-29,5.78
2017-4-30,9.89
2017-5-1,5.0
2017-5-2,4.78
2017-5-3,8.64
2017-5-4,8.83
2017-5-5,3.88
2017-5-6,8.06
2017-5-7,7.89
2017-5-8,9.04
2017-5-9,8.26
2017-5-10,8.75
2017-5-11,7.93
2017-5-12,4.76
2017-5-13,3.48
2017-5-14,3.08
2017-5-15,4.59
2017-5-16,6.36
2017-5-17,5.98
2017-5-18,4.71
2017-5-19,7.38
2017-5-20,15.63
2017-5-21,12.43
2017-5-22,4.13
2017-5-23,3.41
2017-5-24,3.83
2017-5-25,3.67
2017-5-26,5.74
2017-5-27,8.34
2017-5-28,6.1
2017-5-29,4.03
2017-5-30,6.09
2017-5-31,5.66
2017-6-1,4.11
2017-6-2,5.4
2017-6-3,7.52
2017-6-4,9.21
2017-6-5,7.22
2017-6-6,6.36
2017-6-7,3.44
2017-6-8,5.33
2017-6-9,7.07
2017-6-10,9.07
2017-6-11,9.18
2017-6-12,9.9
2017-6-13,4.64
2017-6-14,7.49
2017-6-15,5.09
2017-6-16,5.3
2017-6-17,7.69
2017-6-18,9.4
2017-6-19,4.55
2017-6-20,7.75
2017-6-21,8.52
2017-6-22,4.12
2017-6-23,4.03
2017-6-24,6.1
2017-6-25,9.15
2017-6-26,7.79
2017-6-27,8.02
2017-6-28,3.53
2017-6-29,4.1
2017-6-30,6.97
2017-7-1,4.35
2017-7-2,5.43
2017-7-3,7.71
2017-7-4,4.78
2017-7-5,6.8
2017-7-6,10.99
2017-7-7,11.3
2017-7-8,4.41
2017-7-9,7.95
2017-7-10,8.96
2017-7-11,7.27
2017-7-12,10.98
2017-7-13,9.08
2017-7-14,7.02
2017-7-15,9.62
2017-7-16,5.24
2017-7-17,4.96
2017-7-18,7.42
2017-7-19,7.87
2017-7-20,6.0
2017-7-21,5.39
2017-7-22,6.76
2017-7-23,7.22
2017-7-24,6.72
2017-7-25,3.65
2017-7-26,5.27
2017-7-27,8.57
2017-7-28,9.03
2017-7-29,4.45
2017-7-30,4.62
2017-7-31,3.23
2017-8-1,5.96
2017-8-2,2.87
2017-8-3,6.81
2017-8-4,7.99
2017-8-5,8.21
2017-8-6,7.04
2017-8-7,8.95
2017-8-8,9.39
2017-8-9,6.64
2017-8-10,7.43
2017-8-11,7.06
2017-8-12,3.25
2017-8-13,6.65
2017-8-14,8.9
2017-8-15,5.22
2017-8-16,5.59
2017-8-17,5.62
2017-8-18,6.43
2017-8-19,4.05
2017-8-20,8.47
2017-8-21,7.96
2017-8-22,5.5
2017-8-23,8.88
2017-8-24,7.91
2017-8-25,4.87
2017-8-26,5.6
2017-8-27,4.74
2017-8-28,4.99
2017-8-29,4.71
2017-8-30,4.49
2017-8-31,2.96
2017-9-1,6.88
2017-9-2,8.48
2017-9-3,6.55
2017-9-4,6.12
2017-9-5,9.43
2017-9-6,4.16
2017-9-7,9.79
2017-9-8,10.27
2017-9-9,5.09
2017-9-10,3.32
2017-9-11,7.48
2017-9-12,6.0
2017-9-13,5.04
2017-9-14,5.35
2017-9-15,6.5
2017-9-16,5.36
2017-9-17,3.46
2017-9-18,2.95
2017-9-19,5.12
2017-9-20,5.12
2017-9-21,6.02
2017-9-22,7.12
2017-9-23,11.16
2017-9-24,5.12
2017-9-25,4.61
2017-9-26,6.32
2017-9-27,3.76
2017-9-28,8.01
2017-9-29,8.55
2017-9-30,5.97
2017-10-1,12.56
2017-10-2,7.84
2017-10-3,5.73
2017-10-4,7.32
2017-10-5,7.39
2017-10-6,7.75
2017-10-7,8.59
2017-10-8,8.31
2017-10-9,7.46
2017-10-10,5.45
2017-10-11,8.69
2017-10-12,8.31
2017-10-13,6.63
2017-10-14,10.94
2017-10-15,6.03
2017-10-16,8.04
2017-10-17,4.91
2017-10-18,6.89
2017-10-19,7.03
2017-10-20,10.81
2017-10-21,10.89
2017-10-22,8.7
2017-10-23,5.31
2017-10-24,5.31
2017-10-25,5.79
2017-10-26,7.23
2017-10-27,6.4
2017-10-28,4.17
2017-10-29,3.27
2017-10-30,4.9
2017-10-31,12.49
2017-11-1,11.23
2017-11-2,3.8
2017-11-3,14.03
2017-11-4,12.6
2017-11-5,8.04
2017-11-6,12.8
2017-11-7,6.12
2017-11-8,4.56
2017-11-9,2.26
2017-11-10,8.45
2017-11-11,14.45
2017-11-12,9.43
2017-11-13,7.98
2017-11-14,6.03
2017-11-15,3.22
2017-11-16,2.95
2017-11-17,9.68
2017-11-18,8.11
2017-11-19,4.56
2017-11-20,9.74
2017-11-21,9.23
2017-11-22,3.69
2017-11-23,8.26
2017-11-24,8.86
2017-11-25,10.1
2017-11-26,7.52
2017-11-27,10.45
2017-11-28,6.21
2017-11-29,9.6
2017-11-30,7.03
2017-12-1,8.51
2017-12-2,4.43
2017-12-3,5.2
2017-12-4,5.1
2017-12-5,3.32
2017-12-6,9.8
2017-12-7,7.71
2017-12-8,7.51
2017-12-9,6.23
2017-12-10,9.88
2017-12-11,10.61
2017-12-12,4.45
2017-12-13,12.72
2017-12-14,14.44
2017-12-15,15.64
2017-12-16,8.67
2017-12-17,9.39
2017-12-18,7.92
2017-12-19,6.04
2017-12-20,7.29
2017-12-21,10.44
2017-12-22,7.8
2017-12-23,3.56
2017-12-24,11.38
2017-12-25,9.04
2017-12-26,13.93
2017-12-27,14.91
2017-12-28,11.02
2017-12-29,8.39
2017-12-30,6.89
2017-12-31,7.94
2018-1-1,10.13
